"PRODUCT_ID","PRODUCT_NAME","PRICE","CATEGORY","PRD_INFO","STOCK","PRD_DETAIL","IMAGE_URL","PHOTO_THUMB"
"PD_00055","_가람_ 성주 꿀 참외 아삭한 햇 참외, 5kg 못난이혼합과, 1박스 - 참외",13460,"과일","아삭하고 시원한 맛이 일품인 한국의 대표 여름 과일, 참외입니다. 수분과 비타민 C가 풍부해 더운 날씨에 갈증 해소와 건강 관리에 도움을 줍니다.",200,"/projectPhoto/과일/참외/_가람_ 성주 꿀 참외 아삭한 햇 참외, 5kg 못난이혼합과, 1박스 - 참외/상세정보.png","productImage/PROJECT_PHOTO/과일/참외/_가람_ 성주 꿀 참외 아삭한 햇 참외, 5kg 못난이혼합과, 1박스 - 참외/main.jpg","productImage/PROJECT_PHOTO/fruit/chamoe/garam/"
"PD_00056","몽키프룻 프리미엄 고당도 생체리, 대과500g, 1개 - 체리",18800,"과일","체리는 항산화 작용에 특히 도움을 주는 과일로 통풍에도 효과가 있다. 크기가 큰 것(10.5R)으로 칠레에서 직수입하여 판매하고 있다.",200,"/projectPhoto/과일/체리/몽키프룻 프리미엄 고당도 생체리, 대과500g, 1개 - 체리/상세정보.png","productImage/PROJECT_PHOTO/과일/체리/몽키프룻 프리미엄 고당도 생체리, 대과500g, 1개 - 체리/main.jpg","productImage/PROJECT_PHOTO/fruit/cherry/monkey/"
"PD_00057","선한마켓) 항공직송 체리 프리미엄 로얄과 22Brix, 로얄과 1kg, 1박스 - 체리",30800,"과일","체리는 항산화 작용에 특히 도움을 주는 과일로 통풍에도 효과가 있다. 크기가 로얄(9.5R)로 칠레에서 직수입하여 판매하고 있다. 미국, 칠레 등 검증된 체리 농장에서 직수입해서 판매하고 있으며, 배송 전 다시 한번 선별 과정을 거쳐서 배송된다.",200,"/projectPhoto/과일/체리/선한마켓) 항공직송 체리 프리미엄 로얄과 22Brix, 로얄과 1kg, 1박스 - 체리/상세정보.png","productImage/PROJECT_PHOTO/과일/체리/선한마켓) 항공직송 체리 프리미엄 로얄과 22Brix, 로얄과 1kg, 1박스 - 체리/main.jpg","productImage/PROJECT_PHOTO/fruit/cherry/sunhan/"
"PD_00058","프레시엘 고당도 프리미엄 상큼달달 생 체리, 생 체리 로얄 특품..., 1박스 - 체리",15570,"과일","체리는 항산화 작용에 특히 도움을 주는 과일로 통풍에도 효과가 있다. 크기가 로얄(9.5R)로 미국에서도 오랫동안 체리를 농사해온 곳에서 수입하여 판매하고 있다.",200,"/projectPhoto/과일/체리/프레시엘 고당도 프리미엄 상큼달달 생 체리, 생 체리 로얄 특품..., 1박스 - 체리/상세정보.png","productImage/PROJECT_PHOTO/과일/체리/프레시엘 고당도 프리미엄 상큼달달 생 체리, 생 체리 로얄 특품..., 1박스 - 체리/main.jpg","productImage/PROJECT_PHOTO/fruit/cherry/presiel/"
"PD_00059","온브릭스 프리미엄 점보 체리, 500g, 1개 - 체리",15000,"과일","체리는 항산화 작용에 특히 도움을 주는 과일로 통풍에도 효과가 있다. 크기는 보통(11.0R)으로 미국애서 생산되었다.",200,"/projectPhoto/과일/체리/온브릭스 프리미엄 점보 체리, 500g, 1개 - 체리/상세정보.png","productImage/PROJECT_PHOTO/과일/체리/온브릭스 프리미엄 점보 체리, 500g, 1개 - 체리/main.jpg","productImage/PROJECT_PHOTO/fruit/cherry/onbrix/"
"PD_00060","곰곰 미국산 체리, 400g (대), 1개 - 체리",8780,"과일","체리는 항산화 작용에 특히 도움을 주는 과일로 통풍에도 효과가 있다. 크기가 큰 것(10.5R)으로 미국애서 생산되었다.",200,"/projectPhoto/과일/체리/곰곰 미국산 체리, 400g (대), 1개 - 체리/상세정보.png","productImage/PROJECT_PHOTO/과일/체리/곰곰 미국산 체리, 400g (대), 1개 - 체리/main.jpg","productImage/PROJECT_PHOTO/fruit/cherry/gomgom/"
"PD_00062","돌 스위티오 황금 파인애플 1.3kg내외, 1.3kg내외, 4개 - 파인애플",20000,"과일","비타민 C가 풍부하여 면역력 강화에 좋은 파인애플입니다. 특히 육류 소화에 도움을 주는 효소가 많아 식후에 드시기에 좋습니다. 일반 파인애플보다 당도가 높고 신맛이 적은 프리미엄 골드 파인애플을 필리핀 현지에서 수입하여 판매하고 있습니다.",200,"/projectPhoto/과일/파인애플/돌 스위티오 황금 파인애플 1.3kg내외, 1.3kg내외, 4개 - 파인애플/상세정보.png","productImage/PROJECT_PHOTO/과일/파인애플/돌 스위티오 황금 파인애플 1.3kg내외, 1.3kg내외, 4개 - 파인애플/main.jpg","productImage/PROJECT_PHOTO/fruit/pineapple/dole/"
"PD_00063","스미후루 감숙왕 허니팟 파인애플 2입, 2.4kg, 1봉 - 파인애플",7990,"과일","파인애플은 비타민 C가 풍부하고 특히 육류 관련 소화에 도움을 준다. 허니팟 파인애플은 당도가 훨씬 높고 과육이 부드러운 품종이다. 다른 어떤 파인애플보다 신맛이 적고 단맛이 강하게 느껴지는 것이 특징이다.",200,"/projectPhoto/과일/파인애플/스미후루 감숙왕 허니팟 파인애플 2입, 2.4kg, 1봉 - 파인애플/상세정보.png","productImage/PROJECT_PHOTO/과일/파인애플/스미후루 감숙왕 허니팟 파인애플 2입, 2.4kg, 1봉 - 파인애플/main.jpg","productImage/PROJECT_PHOTO/fruit/pineapple/smihuru/"
"PD_00064","(초특가 3000개 한정)_나씨네_ (만나) 고당도 골드파인애플 2개(3kg 내외), 8과(12kg 내외..., 1세트 - 파인애플",41610,"과일","파인애플은 비타민 C가 풍부하고 특히 육류 관련 소화에 도움을 준다. 골드 파인애플은 일반 파인애플보다 당도가 높고 신맛이 적은 프리미엄 품종으로 필리핀에서 생산된 것을 수입하여 판매하고 있다.",200,"/projectPhoto/과일/파인애플/(초특가 3000개 한정)_나씨네_ (만나) 고당도 골드파인애플 2개(3kg 내외), 8과(12kg 내외..., 1세트 - 파인애플/상세정보.jpg","productImage/PROJECT_PHOTO/과일/파인애플/(초특가 3000개 한정)_나씨네_ (만나) 고당도 골드파인애플 2개(3kg 내외), 8과(12kg 내외..., 1세트 - 파인애플/main.jpg","productImage/PROJECT_PHOTO/fruit/pineapple/nassi/"
"PD_00065","특대 델몬트 허니글로우 파인애플 - 파인애플",18810,"과일","파인애플은 비타민 C가 풍부하고 특히 육류 관련 소화에 도움을 준다. 다른 파인애플은 후숙이 필요하지만 허니글로우 파인애플은 후숙과정이 필요없이 바로 맛볼 수 있다. 허니팟만큼 달진 않지만 일반 파인애플보다는 신맛이 적어 단맛이 잘 느껴지는 것도 특징이다.",200,"/projectPhoto/과일/파인애플/특대 델몬트 허니글로우 파인애플 - 파인애플/상세정보.png","productImage/PROJECT_PHOTO/과일/파인애플/특대 델몬트 허니글로우 파인애플 - 파인애플/main.jpg","productImage/PROJECT_PHOTO/fruit/pineapple/delmont/"
"PD_00067","[팜투유] 새콤달콤 고당도 국내산 블루베리 생과, 중과 100g, 1개 - 블루베리",12280,"과일","블루베리는 눈의 피로를 풀어주고 시력 개선에 도움을 주는 과일이다. 항산화 작용에도 도움을 준다. 국내산으로 사이즈별로 제공을 한다. 모든 과정을 꼼꼼하게 관리하고 있어 품질에 자신이 있다.",200,"/projectPhoto/과일/블루베리/[팜투유] 새콤달콤 고당도 국내산 블루베리 생과, 중과 100g, 1개 - 블루베리/상세정보.png","productImage/PROJECT_PHOTO/과일/블루베리/[팜투유] 새콤달콤 고당도 국내산 블루베리 생과, 중과 100g, 1개 - 블루베리/main.jpg","productImage/PROJECT_PHOTO/fruit/blueberry/farmtoyou/"
"PD_00001","[린디]린디 프리미엄 생라임 상큼한 멕시코산 라임 모히또 라임청용 과일 ",24810,"과일","멕시코 라임은 페르시안 라임과 달리 특별한 풍미를 가지고 있어, 주로 주류나 음료수에 첨가하여 이국적인 맛을 더해줍니다. 비타민 C가 풍부하여 건강에 좋은 라임차로도 즐길 수 있습니다.",200,"/projectPhoto/과일/라임/우리존 후레쉬 라임 2kg 24입 -5kg 60입, 01.생라임2kg(..., 1박스 - 라임 _ 쿠팡/상세정보.jpg","productImage/PROJECT_PHOTO/과일/라임/우리존 후레쉬 라임 2kg 24입 -5kg 60입, 01.생라임2kg(..., 1박스 - 라임 _ 쿠팡/main.jpg","productImage/PROJECT_PHOTO/fruit/lime/woorizone/"
"PD_00002","곰곰 페르시안 라임, 1kg, 2개 - 라임 ",18700,"과일","페르시안 라임은 우리가 흔히 알고 있는 라임 종류입니다. 비타민 C가 풍부하고 맛과 향 역시 강하기 때문에 생라임으로도 먹고 각종 요리에 첨가해서 먹기도 합니다.",200,"/projectPhoto/과일/라임/곰곰 페르시안 라임, 1kg, 2개 - 라임 _ 쿠팡/상세정보.png","productImage/PROJECT_PHOTO/과일/라임/곰곰 페르시안 라임, 1kg, 2개 - 라임 _ 쿠팡/main.jpg","productImage/PROJECT_PHOTO/fruit/lime/gomgom/"
"PD_00003","만나다 멕시코 라임, 1kg, 2개 - 라임 ",36270,"과일","흔치 않은 멕시코 라임으로 특별한 음료를 만들어 보세요. 각종 칵테일이나 에이드에 넣어 상큼함을 더하고, 따뜻하게 차로 우려내어 건강을 챙기는 데도 좋습니다.",200,"/projectPhoto/과일/라임/만나다 멕시코 라임, 1kg, 2개 - 라임 _ 쿠팡/상세정보.png","productImage/PROJECT_PHOTO/과일/라임/만나다 멕시코 라임, 1kg, 2개 - 라임 _ 쿠팡/main.jpg","productImage/PROJECT_PHOTO/fruit/lime/mannada/"
"PD_00005","코스트코 생 라임 1KG 멕시코산 + 더메이런알콜티슈 - 라임",18890,"과일","특별한 용도로 주로 사용되는 멕시코 라임입니다. 강한 맛과 향 덕분에 주류나 음료에 소량만 첨가해도 풍미가 살아나며, 비타민 C가 풍부하여 건강한 음료로도 즐길 수 있습니다.",200,"/projectPhoto/과일/라임/코스트코 생 라임 1KG 멕시코산 + 더메이런알콜티슈 - 라임/상세정보.png","productImage/PROJECT_PHOTO/과일/라임/코스트코 생 라임 1KG 멕시코산 + 더메이런알콜티슈 - 라임/main.jpg","productImage/PROJECT_PHOTO/fruit/lime/costco/"
"PD_00006","델몬트 필리핀 바나나, 1.4kg 내외, 1개 - 바나나",4890,"과일","원산지가 필리핀인 필리핀 바나나는 칼륨이 많고, 식이섬유가 풍부하여 나트륨이 많은 식단을 먹었을 때 도움을 줄 수 있다.",200,"/projectPhoto/과일/바나나/델몬트 필리핀 바나나, 1.4kg 내외, 1개 - 바나나/상세정보.png","productImage/PROJECT_PHOTO/과일/바나나/델몬트 필리핀 바나나, 1.4kg 내외, 1개 - 바나나/main.jpg","productImage/PROJECT_PHOTO/fruit/banana/delmonte/"
"PD_00007","[산지직송] 제주 김순일님의 무농약 바나나 1.5kg_2.5kg_5kg, 1.5kg, 1개 - 바나나",22900,"과일","제주도에서 생산된 바나나로 농약을 치지 않았으며 녹진한 맛이 일품인 바나나다.",200,"/projectPhoto/과일/바나나/[산지직송] 제주 김순일님의 무농약 바나나 1.5kg_2.5kg_5kg, 1.5kg, 1개 - 바나나/상세정보.png","productImage/PROJECT_PHOTO/과일/바나나/[산지직송] 제주 김순일님의 무농약 바나나 1.5kg_2.5kg_5kg, 1.5kg, 1개 - 바나나/main.jpg","productImage/PROJECT_PHOTO/fruit/banana/sanzi/"
"PD_00008","미스터유 베트남 바나나 고당도 후숙 완숙 당일발송 소포장 대용량 가정용 선물용, 13kg 6수 6송..., 1박스 - 바나나",28900,"과일","베트남에서 생산된 바나나 역시 칼륨이 많고, 식이섬유가 풍부하여 나트륨이 많은 식단을 먹었을 때 도움을 줄 수 있다.",200,"/projectPhoto/과일/바나나/미스터유 베트남 바나나 고당도 후숙 완숙 당일발송 소포장 대용량 가정용 선물용, 13kg 6수 6송..., 1박스 - 바나나/상세정보.png","productImage/PROJECT_PHOTO/과일/바나나/미스터유 베트남 바나나 고당도 후숙 완숙 당일발송 소포장 대용량 가정용 선물용, 13kg 6수 6송..., 1박스 - 바나나/main.jpg","productImage/PROJECT_PHOTO/fruit/banana/mryou/"
"PD_00009","스텔라나 베트남산 고산지 바나나, 1.2kg, 1개 - 바나나",3510,"과일","스텔라나 바나나 역시 베트남에서 생산된 바나나로 칼륨이 많고, 식이섬유가 풍부하여 나트륨이 많은 식단을 먹었을 때 도움을 줄 수 있다.",200,"/projectPhoto/과일/바나나/스텔라나 베트남산 고산지 바나나, 1.2kg, 1개 - 바나나/상세정보.png","productImage/PROJECT_PHOTO/과일/바나나/스텔라나 베트남산 고산지 바나나, 1.2kg, 1개 - 바나나/main.jpg","productImage/PROJECT_PHOTO/fruit/banana/stellana/"
"PD_00010","프루미츠 알뜰 바나나 - 바나나",9400,"과일","필리핀이 원산지로 큰 크기이지만 높은 당도와 쫄깃한 식감이 특징이다. 이 역시 칼륨과 식이섬유가 풍부하다.",200,"/projectPhoto/과일/바나나/프루미츠 알뜰 바나나 - 바나나/상세정보.png","productImage/PROJECT_PHOTO/과일/바나나/프루미츠 알뜰 바나나 - 바나나/main.jpg","productImage/PROJECT_PHOTO/fruit/banana/frumitz/"
"PD_00012","[재구매율96%] 기간한정특가 아삭달콤 꿀brix 부사사과, 2kg, 1박스 - 사과",17000,"과일","당도 높은 사과를 찾는다면 바로 이 부사 사과입니다. 14brix의 높은 당도로 맛이 매우 뛰어나며, 비타민과 식이섬유가 풍부해 건강한 간식으로 추천합니다.",200,"/projectPhoto/과일/사과/[재구매율96%] 기간한정특가 아삭달콤 꿀brix 부사사과, 2kg, 1박스 - 사과/상세정보.png","productImage/PROJECT_PHOTO/과일/사과/[재구매율96%] 기간한정특가 아삭달콤 꿀brix 부사사과, 2kg, 1박스 - 사과/main.jpg","productImage\PROJECT_PHOTO\fruit\apple\apple2\"
"PD_00013","대동농수산 청송 고당도 꿀사과, 부사 꿀 사과 소꼬..., 1박스 - 사과 ",32900,"과일","크고 둥근 모양에 매끈한 붉은색이 매력적인 부사 사과입니다. 일반 사과보다 당도가 높아 더욱 달콤하며, 비타민 C와 식이섬유가 풍부하여 건강에도 좋습니다.",200,"/projectPhoto/과일/사과/대동농수산 청송 고당도 꿀사과, 부사 꿀 사과 소꼬..., 1박스 - 사과/상세정보.png","productImage/PROJECT_PHOTO/과일/사과/대동농수산 청송 고당도 꿀사과, 부사 꿀 사과 소꼬..., 1박스 - 사과/main.jpg","productImage/PROJECT_PHOTO/fruit/apple/apple3/"
"PD_00016","[굿피플] 골드망고 태국망고 냉동망고 열대과일 남독마이망고 mango, 골드망고(태국남독마..., 1박스 - 망고",50950,"과일","남독마이 망고는 태국 원산지에 씨가 얇은 망고이며, 당도가 높고 비타민 A, C가 풍부하지만 옻나무과 열매라서 알레르기에 주의해야 한다.",200,"/projectPhoto/과일/망고/[굿피플] 골드망고 태국망고 냉동망고 열대과일 남독마이망고 mango, 골드망고(태국남독마..., 1박스 - 망고/상세정보.png","productImage/PROJECT_PHOTO/과일/망고/[굿피플] 골드망고 태국망고 냉동망고 열대과일 남독마이망고 mango, 골드망고(태국남독마..., 1박스 - 망고/main.jpg","productImage/PROJECT_PHOTO/fruit/mango/goodpeople/"
"PD_00017","농장에서바로 프리미엄 망고, 1.5kg (3-4..., 1박스 - 망고 ",30900,"과일","무지개 망고라고도 불리는 마하차녹 망고는 남독마이 망고보다는 당도가 약간 낮지만 망고 특유의 향이 진하다. 역시 씨가 작으며 옻나무과 열매라 알레르기에 주의해야 한다.",200,"/projectPhoto/과일/망고/농장에서바로 프리미엄 망고, 1.5kg (3-4..., 1박스 - 망고/상세정보.png","productImage/PROJECT_PHOTO/과일/망고/농장에서바로 프리미엄 망고, 1.5kg (3-4..., 1박스 - 망고/main.jpg","productImage/PROJECT_PHOTO/fruit/mango/farm/"
"PD_00018","태국산 골드망고 생과 남독마이 망고 고당도 망고생과 생망고 망고퓨레 망고푸딩 명절선물 과일선물 열대과일",44500,"과일","골드망고 역시 남독마이 망고라고 불리며, 남독마이 망고는 태국 원산지에 씨가 얇은 망고이며, 당도가 높고 비타민 A, C가 풍부하지만 옻나무과 열매라서 알레르기에 주의해야 한다.",200,"/projectPhoto/과일/망고/태국산 골드망고 생과 남독마이 망고 고당도 망고생과 생망고 망고퓨레 망고푸딩 명절선물 과일선물 열대과일/상세정보.png","productImage/PROJECT_PHOTO/과일/망고/태국산 골드망고 생과 남독마이 망고 고당도 망고생과 생망고 망고퓨레 망고푸딩 명절선물 과일선물 열대과일/main.jpg","productImage/PROJECT_PHOTO/fruit/mango/taegook goldmango/"
"PD_00019","태국산 남독마이 망고 XL, 1.1kg(3입), 1개 - 망고",20010,"과일","남독마이 망고는 태국 원산지에 씨가 얇은 망고이며, 당도가 높고 비타민 A, C가 풍부하지만 옻나무과 열매라서 알레르기에 주의해야 한다.",200,"/projectPhoto/과일/망고/태국산 남독마이 망고 XL, 1.1kg(3입), 1개 - 망고/상세정보.jpg","productImage/PROJECT_PHOTO/과일/망고/태국산 남독마이 망고 XL, 1.1kg(3입), 1개 - 망고/main.jpg","productImage/PROJECT_PHOTO/fruit/mango/tagook namdok/"
"PD_00020","항공직수입 프리미엄 태국 마하차녹 무지개망고 5kg (10~16입) - 망고",91000,"과일","무지개 망고라고도 불리는 마하차녹 망고는 남독마이 망고보다는 당도가 약간 낮지만 망고 특유의 향이 진하다. 역시 씨가 작으며 옻나무과 열매라 알레르기에 주의해야 한다.",200,"/projectPhoto/과일/망고/항공직수입 프리미엄 태국 마하차녹 무지개망고 5kg (10~16입) - 망고/상세정보.jpg","productImage/PROJECT_PHOTO/과일/망고/항공직수입 프리미엄 태국 마하차녹 무지개망고 5kg (10~16입) - 망고/main.jpg","productImage/PROJECT_PHOTO/fruit/mango/airplane/"
"PD_00022","[소비자선택 1위] 청포도향 가득 국내산 샤인머스캣 2kg, 껍질째 아삭 샤인머..., 1개 - 포도",35900,"과일","노화 방지에 좋은 영양 성분이 가득하며, 피로 회복에 도움을 주는 과일입니다. 아삭한 식감과 씨가 없어 먹기 편한 것이 큰 장점입니다.",200,"/projectPhoto/과일/청포도/[소비자선택 1위] 청포도향 가득 국내산 샤인머스캣 2kg, 껍질째 아삭 샤인머..., 1개 - 포도/상세정보.png","productImage/PROJECT_PHOTO/과일/청포도/[소비자선택 1위] 청포도향 가득 국내산 샤인머스캣 2kg, 껍질째 아삭 샤인머..., 1개 - 포도/main.jpg","productImage/PROJECT_PHOTO/fruit/grape/sobija/"
"PD_00023","곰곰 샤인머스캣 - 포도",17980,"과일","풍부한 식이섬유가 장 건강을 개선하고 변비 예방에 도움을 줍니다. 껍질째 먹는 즐거움과 씨 없는 편리함을 모두 갖춘 건강한 과일입니다.",200,"/projectPhoto/과일/청포도/곰곰 샤인머스캣 - 포도/상세정보.png","productImage/PROJECT_PHOTO/과일/청포도/곰곰 샤인머스캣 - 포도/main.jpg","productImage/PROJECT_PHOTO/fruit/grape/gomgom/"
"PD_00024","달콤아삭 국내산 씨없는 포도 샤인머스켓, 2kg(3-4수,특..., 1세트 - 포도",38800,"과일","껍질째 먹어도 전혀 부담 없는 부드러운 맛과 아삭한 식감을 자랑합니다. 피로 회복과 노화 방지에 효과적이며, 장 건강에도 도움을 주는 영양 만점의 과일입니다.",200,"/projectPhoto/과일/청포도/달콤아삭 국내산 씨없는 포도 샤인머스켓, 2kg(3-4수,특..., 1세트 - 포도/상세정보.png","productImage/PROJECT_PHOTO/과일/청포도/달콤아삭 국내산 씨없는 포도 샤인머스켓, 2kg(3-4수,특..., 1세트 - 포도/main.jpg","productImage/PROJECT_PHOTO/fruit/grape/dalkomasak/"
"PD_00025","달콩마트 산지직송 고당도 특품 샤인머스켓, 2kg(특품), 1박스 - 포도",37900,"과일","온 가족이 안심하고 즐길 수 있는 씨 없는 과일입니다. 아삭한 식감과 함께 피로 회복과 장 건강을 챙길 수 있습니다.",200,"/projectPhoto/과일/청포도/달콩마트 산지직송 고당도 특품 샤인머스켓, 2kg(특품), 1박스 - 포도/상세정보.png","productImage/PROJECT_PHOTO/과일/청포도/달콩마트 산지직송 고당도 특품 샤인머스켓, 2kg(특품), 1박스 - 포도/main.jpg","productImage/PROJECT_PHOTO/fruit/grape/dalcongmart/"
"PD_00027","과일꾼 산지직송 나주배, 가정용 3kg 8과..., 1박스 - 배 ",16900,"과일","나주의 최적 환경에서 재배되어 탁월한 품질을 자랑하는 배입니다. 높은 당도로 시원하고 달콤하며, 부드러운 과육과 아삭한 식감을 동시에 느낄 수 있습니다.",200,"/projectPhoto/과일/배/과일꾼 산지직송 나주배, 가정용 3kg 8과..., 1박스 - 배/상세정보.jpg","productImage/PROJECT_PHOTO/과일/배/과일꾼 산지직송 나주배, 가정용 3kg 8과..., 1박스 - 배/main.jpg","productImage/PROJECT_PHOTO/fruit/pear/fruitggoon/"
"PD_00028","나주로농산 자연진리 나주배 가정용_선물세트, 나주배 가정용 5k..., 1개 - 배 ",14900,"과일","고품질 배의 명산지인 나주에서 길러 더욱 특별합니다. 달콤하고 시원한 맛과 함께 부드럽고 아삭한 식감이 조화롭게 어우러져 먹는 즐거움을 더해줍니다.",200,"/projectPhoto/과일/배/나주로농산 자연진리 나주배 가정용_선물세트, 나주배 가정용 5k..., 1개 - 배/상세정보.png","productImage/PROJECT_PHOTO/과일/배/나주로농산 자연진리 나주배 가정용_선물세트, 나주배 가정용 5k..., 1개 - 배/main.jpg","productImage/PROJECT_PHOTO/fruit/pear/najooro/"
"PD_00029","셀링크 농협 고당도 나주배 가정용 선물용 세트, 셀링크 나주배(8-..., 1개 - 배",63000,"과일","시원하고 달콤한 맛이 일품인 나주산 배입니다. 다른 배와 유사한 성분을 가지고 있지만, 특히 더 높은 당도를 자랑합니다. 부드러운 식감 속에 아삭함을 느낄 수 있습니다.",200,"/projectPhoto/과일/배/셀링크 농협 고당도 나주배 가정용 선물용 세트, 셀링크 나주배(8-..., 1개 - 배/상세정보.png","productImage/PROJECT_PHOTO/과일/배/셀링크 농협 고당도 나주배 가정용 선물용 세트, 셀링크 나주배(8-..., 1개 - 배/main.jpg","productImage/PROJECT_PHOTO/fruit/pear/cellink/"
"PD_00030","[푸드빌리지] 과일천하 나주배 5kg_7.5kg 가정용 선물용 선물세트, 5kg 가정용 8-..., 1박스 - 배",42900,"과일","배를 재배하기에 최적의 조건을 갖춘 나주에서 생산된 고품질 배입니다. 부드러우면서도 아삭한 식감이 뛰어나며, 높은 당도로 시원하고 달콤한 맛을 즐길 수 있습니다.",200,"/projectPhoto/과일/배/[푸드빌리지] 과일천하 나주배 5kg_7.5kg 가정용 선물용 선물세트, 5kg 가정용 8-..., 1박스 - 배/상세정보.png","productImage/PROJECT_PHOTO/과일/배/[푸드빌리지] 과일천하 나주배 5kg_7.5kg 가정용 선물용 선물세트, 5kg 가정용 8-..., 1박스 - 배/main.jpg","productImage/PROJECT_PHOTO/fruit/pear/foodvillage/"
"PD_00031","[만식이] 여름딸기 고랭지 생딸기 330g내외 - 딸기",17900,"과일","해발 500M 이상의 높은 산지에서 생산된 딸기를 말하며 신맛이 적고 단맛이 강하며 쉽게 물러지지 않는 것이 특징이며, 서늘한 환경덕분에 여름 딸기로 주로 출하한다. 딸기는 피부건강, 노화방지 및 면역력 증가에 도움을 준다.",200,"/projectPhoto/과일/딸기/[만식이] 여름딸기 고랭지 생딸기 330g내외 - 딸기/상세정보.png","productImage/PROJECT_PHOTO/과일/딸기/[만식이] 여름딸기 고랭지 생딸기 330g내외 - 딸기/main.jpg","productImage/PROJECT_PHOTO/fruit/strawberry/Mansik/"
"PD_00032","[재구매1위]천사푸드 GAP인증 첫수확 설향딸기 16brix 고당도 특품 딸기, 일반 750g, 1개",48000,"과일","GAP 인증을 받은 딸기로 일반적인 딸기지만 관리가 철저히 된만큼 믿고 먹을 수 있다. 단단하지는 않지만 과즙이 풍부하며 상큼한 맛이 있다. 딸기는 피부건강, 노화방지 및 면역력 증가에 도움을 준다.",200,"/projectPhoto/과일/딸기/[재구매1위]천사푸드 GAP인증 첫수확 설향딸기 16brix 고당도 특품 딸기, 일반 750g, 1개/상세정보.png","productImage/PROJECT_PHOTO/과일/딸기/[재구매1위]천사푸드 GAP인증 첫수확 설향딸기 16brix 고당도 특품 딸기, 일반 750g, 1개/main.jpg","productImage/PROJECT_PHOTO/fruit/strawberry/angel/"
"PD_00033","마음담은딸기 웰빙그린딸기 냉동딸기 (설향)_웰빙그린딸기, 3kg, 1개 - 딸기",20000,"과일","GAP 인증을 받은 딸기를 급냉하여 제공한다. 수정 벌을 이용하여 자연 수정된 딸기를 수확하고 있으며, 하이베드 재배 농법을 통해 각종 질병으로부터 안전하게 키우고 있다. 냉동하였기에 딸기청, 주스 등으로 만들어 먹을수도 있다. 딸기는 피부건강, 노화방지 및 면역력 증가에 도움을 준다.",200,"/projectPhoto/과일/딸기/마음담은딸기 웰빙그린딸기 냉동딸기 (설향)_웰빙그린딸기, 3kg, 1개 - 딸기/상세정보.jpg","productImage/PROJECT_PHOTO/과일/딸기/마음담은딸기 웰빙그린딸기 냉동딸기 (설향)_웰빙그린딸기, 3kg, 1개 - 딸기/main.jpg","productImage/PROJECT_PHOTO/fruit/strawberry/Maeum/"
"PD_00034","맛가득 프리미엄 여름딸기 500g 1kg 2kg, 여름딸기1kg, 1박스 - 딸기",30020,"과일","전국에 우수 딸기 농장과 계약한뒤 직접 방문하여 항상 철저한 검수를 거쳐 최대한 빠르게 배송합니다. 또한 딸기는 비타민C가 풍부하여 피부건강, 노화방지 및 면역력 증가에 도움을 준다.",200,"/projectPhoto/과일/딸기/맛가득 프리미엄 여름딸기 500g 1kg 2kg, 여름딸기1kg, 1박스 - 딸기/상세정보.png","productImage/PROJECT_PHOTO/과일/딸기/맛가득 프리미엄 여름딸기 500g 1kg 2kg, 여름딸기1kg, 1박스 - 딸기/main.jpg","productImage/PROJECT_PHOTO/fruit/strawberry/matgadek/"
"PD_00035","명일원 딸기 고냉지 여름딸기 정품 1kg 생딸기 과수랜덤",19900,"과일","해발 500M 이상의 높은 산지에서 생산된 딸기를 말하며 신맛이 적고 단맛이 강하며 쉽게 물러지지 않는 것이 특징이며, 서늘한 환경덕분에 여름 딸기로 주로 출하한다. 딸기는 피부건강, 노화방지 및 면역력 증가에 도움을 준다.",200,"/projectPhoto/과일/딸기/명일원 딸기 고냉지 여름딸기 정품 1kg 생딸기 과수랜덤/상세정보.png","productImage/PROJECT_PHOTO/과일/딸기/명일원 딸기 고냉지 여름딸기 정품 1kg 생딸기 과수랜덤/main.jpg","productImage/PROJECT_PHOTO/fruit/strawberry/myungilwon/"
"PD_00036","[한정수량] 코코 받자마자 바로먹는 후숙 최상급 아보카도 - 아보카도",8240,"과일","숲 속의 버터'라 불리는 아보카도는 부드러운 식감과 풍부한 영양을 자랑합니다. 오메가 3와 같은 불포화지방산이 풍부하여 심혈관 건강에 도움을 줍니다. 남미와 뉴질랜드에서 시기에 맞춰 가장 최상급만 선별하여 직수입합니다. 후숙해서 드시면 더욱 고소한 맛을 즐길 수 있습니다.",200,"/projectPhoto/과일/아보카도/[한정수량] 코코 받자마자 바로먹는 후숙 최상급 아보카도 - 아보카도/상세정보.png","productImage/PROJECT_PHOTO/과일/아보카도/[한정수량] 코코 받자마자 바로먹는 후숙 최상급 아보카도 - 아보카도/main.jpg","productImage/PROJECT_PHOTO/fruit/abocado/hanjeong/"
"PD_00037","[햇살아름] 숲속의 버터 아보카도 2.4kg (12과 이내) - 기타과일 ",32900,"과일","부드러운 식감과 풍부한 영양을 가진 페루산 아보카도입니다. 오메가 3가 풍부해 심혈관 건강에 도움을 주는 슈퍼푸드입니다. 후숙하여 먹으면 더욱 고소한 풍미를 느낄 수 있으며, '숲 속의 버터'라는 별명처럼 부드러운 식감이 일품입니다.",200,"/projectPhoto/과일/아보카도/[햇살아름] 숲속의 버터 아보카도 2.4kg (12과 이내) - 기타과일/상세정보.png","productImage/PROJECT_PHOTO/과일/아보카도/[햇살아름] 숲속의 버터 아보카도 2.4kg (12과 이내) - 기타과일/main.jpg","productImage/PROJECT_PHOTO/fruit/abocado/hatsal/"
"PD_00038","곰곰 뉴질랜드 아보카도, 1kg, 1팩 - 아보카도",9000,"과일","숲 속의 버터'라는 별명처럼 부드럽고 영양이 가득한 뉴질랜드산 아보카도입니다. 오메가 3가 풍부한 건강한 지방산이 들어있어 심혈관 건강에 도움을 줍니다. 적절하게 후숙해서 드시면 고소함이 배가됩니다.",200,"/projectPhoto/과일/아보카도/곰곰 뉴질랜드 아보카도, 1kg, 1팩 - 아보카도/상세정보.png","productImage/PROJECT_PHOTO/과일/아보카도/곰곰 뉴질랜드 아보카도, 1kg, 1팩 - 아보카도/main.jpg","productImage/PROJECT_PHOTO/fruit/abocado/gomgom/"
"PD_00039","아보카도 농장에서 항공직송하는 최상급 생 아보카도 수입산 백화점 대형마트 납품용 퓨레 오일 [아빠는농부], 대과 10과 (개당..., 1박스 - 아보카도",36000,"과일","뉴질랜드에서 온 프리미엄 아보카도입니다. 불포화지방산과 오메가 3가 풍부하여 심혈관 건강 관리에 좋으며, '숲 속의 버터'라 불릴 만큼 부드러운 식감을 자랑합니다. 후숙 과정을 거치면 더욱 고소하고 부드러워집니다.",200,"/projectPhoto/과일/아보카도/아보카도 농장에서 항공직송하는 최상급 생 아보카도 수입산 백화점 대형마트 납품용 퓨레 오일 [아빠는농부], 대과 10과 (개당..., 1박스 - 아보카도/상세정보.png","productImage/PROJECT_PHOTO/과일/아보카도/아보카도 농장에서 항공직송하는 최상급 생 아보카도 수입산 백화점 대형마트 납품용 퓨레 오일 [아빠는농부], 대과 10과 (개당..., 1박스 - 아보카도/main.jpg","productImage/PROJECT_PHOTO/fruit/abocado/farm/"
"PD_00040","프레시엘 프리미엄 아보카도 백화점 납품 재구매율 100%, 중과 5개, 1세트 - 아보카도",13890,"과일","부드러운 식감과 뛰어난 영양을 자랑하는 아보카도입니다. 칠레와 페루에서 생산된 최상급 아보카도를 직수입하여 판매합니다. 오메가 3와 같은 불포화지방산이 풍부해 심혈관 건강에 도움을 주며, 후숙하여 먹으면 고소한 맛이 더욱 깊어집니다.",200,"/projectPhoto/과일/아보카도/프레시엘 프리미엄 아보카도 백화점 납품 재구매율 100%, 중과 5개, 1세트 - 아보카도/상세정보.png","productImage/PROJECT_PHOTO/과일/아보카도/프레시엘 프리미엄 아보카도 백화점 납품 재구매율 100%, 중과 5개, 1세트 - 아보카도/main.jpg","productImage/PROJECT_PHOTO/fruit/abocado/presiel/"
"PD_00042","[하루담음] 입점기념특가 유명산지 고당도 제철 후무사 도담 자두, 1kg 중과 초특가..., 1박스 - 자두",9900,"과일","7월에서 8월 초에 수확하는 후무사 자두는 풍부한 식이섬유로 변비 예방에 도움을 줍니다. 또한 비타민 A, C, K를 고루 함유하고 있어 더운 여름철 건강 관리에 좋습니다.",200,"/projectPhoto/과일/자두/[하루담음] 입점기념특가 유명산지 고당도 제철 후무사 도담 자두, 1kg 중과 초특가..., 1박스 - 자두/상세정보.png","productImage/PROJECT_PHOTO/과일/자두/[하루담음] 입점기념특가 유명산지 고당도 제철 후무사 도담 자두, 1kg 중과 초특가..., 1박스 - 자두/main.jpg","productImage/PROJECT_PHOTO/fruit/plum/haroo/"
"PD_00043","간편한식탁 고당도 자두 농가 직접배송, 1kg(중대과), 1박스 - 자두",15590,"과일","대석 자두로 6월말부터 7월 초에 수확하는 품종으로 작고 동그란 모양에 새콤한 맛이 특징이다. ",200,"/projectPhoto/과일/자두/간편한식탁 고당도 자두 농가 직접배송, 1kg(중대과), 1박스 - 자두/상세정보.png","productImage/PROJECT_PHOTO/과일/자두/간편한식탁 고당도 자두 농가 직접배송, 1kg(중대과), 1박스 - 자두/main.jpg","productImage/PROJECT_PHOTO/fruit/plum/ganpyun/"
"PD_00044","곰곰 맛있는 자두 - 자두 ",10350,"과일","여름철 시원하게 즐기기 좋은 후무사 자두입니다. 새콤달콤한 맛과 함께 비타민 A, C, K가 풍부하여 면역력 증진에 도움을 줍니다. 식이섬유 또한 풍부해 건강에 이로운 과일입니다.",200,"/projectPhoto/과일/자두/곰곰 맛있는 자두 - 자두/상세정보.png","productImage/PROJECT_PHOTO/과일/자두/곰곰 맛있는 자두 - 자두/main.jpg","productImage/PROJECT_PHOTO/fruit/plum/gomgom/"
"PD_00045","싱그랩 프리미엄 명품 경산 와촌 자두 국산 농장직송, 중대과 1kg, 1세트 - 자두",14900,"과일","경북 경산시 와촌면은 자두로 유명하며, 직접 선별하여 당도를 11brix로 균일하게 하여 판매하고 있다. 대석, 후무사, 추희자두 모두 판매하고 있다.",200,"/projectPhoto/과일/자두/싱그랩 프리미엄 명품 경산 와촌 자두 국산 농장직송, 중대과 1kg, 1세트 - 자두/상세정보.png","productImage/PROJECT_PHOTO/과일/자두/싱그랩 프리미엄 명품 경산 와촌 자두 국산 농장직송, 중대과 1kg, 1세트 - 자두/main.jpg","productImage/PROJECT_PHOTO/fruit/plum/simgrap/"
"PD_00046","삼시세끼연구소 껍질마저 달콤한 최상품 생 무화과 햇무화과, 500g, 1세트 - 무화과",19800,"과일","무화과는 장 건강 및 피로 개선, 항산화 작용이 뛰어나다. 또한 잼이나 샐러드 등에 곁들어 먹을 수도 있다. 전남 영암에서 특별히 엄선된 최고급 무화과를 판매하고 있다.",200,"/projectPhoto/과일/무화과/삼시세끼연구소 껍질마저 달콤한 최상품 생 무화과 햇무화과, 500g, 1세트 - 무화과/상세정보.png","productImage/PROJECT_PHOTO/과일/무화과/삼시세끼연구소 껍질마저 달콤한 최상품 생 무화과 햇무화과, 500g, 1세트 - 무화과/main.jpg","productImage/PROJECT_PHOTO/fruit/fig/samsi/"
"PD_00047","[시온이네] 꿀당고 영암 무화과 GAP인증, 홍(무화과) 500..., 1박스 - 무화과",16810,"과일","무화과는 장 건강 및 피로 개선, 항산화 작용이 뛰어나다. 또한 잼이나 샐러드 등에 곁들어 먹을 수도 있다. GAP 인증을 통해 건강하고 안전하게 키운 무화과를 판매하고 있으며, 인증을 받은만큼 안전한 제품이라 껍질째 먹을 수 있다고 한다.",200,"/projectPhoto/과일/무화과/[시온이네] 꿀당고 영암 무화과 GAP인증, 홍(무화과) 500..., 1박스 - 무화과/상세정보.png","productImage/PROJECT_PHOTO/과일/무화과/[시온이네] 꿀당고 영암 무화과 GAP인증, 홍(무화과) 500..., 1박스 - 무화과/main.jpg","productImage/PROJECT_PHOTO/fruit/fig/sion/"
"PD_00048","아이뜰에 프리미엄 고당도 과일의 여왕 홍무화과, 2kg(24~32과..., 1박스 - 무화과",49800,"과일","무화과는 장 건강 및 피로 개선, 항산화 작용이 뛰어나다. 또한 잼이나 샐러드 등에 곁들어 먹을 수도 있다. 영암에서 키우고 수확한 무화과를 바로 보내주는 방법으로  판매를 하고 있다. 또한 하우스를 이용하여 재배를 하기 때문에 기후와 상관없이 맛있는 무화과를 균일하게 제공할 수 있다.",200,"/projectPhoto/과일/무화과/아이뜰에 프리미엄 고당도 과일의 여왕 홍무화과, 2kg(24~32과..., 1박스 - 무화과/상세정보.png","productImage/PROJECT_PHOTO/과일/무화과/아이뜰에 프리미엄 고당도 과일의 여왕 홍무화과, 2kg(24~32과..., 1박스 - 무화과/main.jpg","productImage/PROJECT_PHOTO/fruit/fig/iddelae/"
"PD_00049","요모조모팜 200박스한정 초고당도 산지직송 무화과, 1kg, 1박스 - 무화과",26400,"과일","무화과는 장 건강 및 피로 개선, 항산화 작용이 뛰어나다. 또한 잼이나 샐러드 등에 곁들어 먹을 수도 있다. 영암에서 키운 무화과를 키우는 환경별로 나누어 판매하고 있다. 시기별로 다른 무화과를 판매하고 있어 다양한 무화과를 제공할 수 있으나 시기를 맞춰야 하므로 구매자의 주의가 필요하다.",200,"/projectPhoto/과일/무화과/요모조모팜 200박스한정 초고당도 산지직송 무화과, 1kg, 1박스 - 무화과/상세정보.png","productImage/PROJECT_PHOTO/과일/무화과/요모조모팜 200박스한정 초고당도 산지직송 무화과, 1kg, 1박스 - 무화과/main.jpg","productImage/PROJECT_PHOTO/fruit/fig/yomojomo/"
"PD_00051","_품담_ 아삭하고 달콤함이 가득한 프리미엄 성주 용암 참외, 5kg 가정용(혼합..., 1박스 - 참외 ",13460,"과일","시원하고 달콤한 맛으로 여름철 인기를 독차지하는 참외입니다. 특히 수분과 비타민 C가 풍부하여 건강에도 이롭습니다. 품질 좋기로 소문난 성주 용암 지역에서 재배된 참외를 만나보세요.",200,"/projectPhoto/과일/참외/_품담_ 아삭하고 달콤함이 가득한 프리미엄 성주 용암 참외, 5kg 가정용(혼합..., 1박스 - 참외/상세정보.png","productImage/PROJECT_PHOTO/과일/참외/_품담_ 아삭하고 달콤함이 가득한 프리미엄 성주 용암 참외, 5kg 가정용(혼합..., 1박스 - 참외/main.jpg","productImage/PROJECT_PHOTO/fruit/chamoe/poomdam/"
"PD_00052","하늘밥상 당도폭발 꿀맛주의 성주 참외, 5kg (가정용 중..., 1박스 - 참외",18160,"과일","아삭한 식감과 시원하고 달콤한 맛이 일품인 한국의 대표 여름 과일, 참외입니다. 수분과 비타민 C가 풍부하여 더운 날씨에 갈증 해소와 건강 관리에 도움을 줍니다. 당도가 특히 높은 성주에서 꼼꼼하게 선별하여 보내드립니다.",200,"/projectPhoto/과일/참외/하늘밥상 당도폭발 꿀맛주의 성주 참외, 5kg (가정용 중..., 1박스 - 참외/상세정보.png","productImage/PROJECT_PHOTO/과일/참외/하늘밥상 당도폭발 꿀맛주의 성주 참외, 5kg (가정용 중..., 1박스 - 참외/main.jpg","productImage/PROJECT_PHOTO/fruit/chamoe/haneul/"
"PD_00053","[직접농사] 고당도 성주 꿀 참외, 3kg(특상 로얄과..., 1개 - 참외",22600,"과일","참외로 유명한 성주에서 재배되어 당도가 특히 높은 참외입니다. 꼼꼼한 선별 과정을 거친 후 산지 직송으로 보내드립니다. 풍부한 수분과 비타민 C를 함유하고 있어 건강과 시원한 맛을 동시에 즐길 수 있습니다.",200,"/projectPhoto/과일/참외/[직접농사] 고당도 성주 꿀 참외, 3kg(특상 로얄과..., 1개 - 참외/상세정보.png","productImage/PROJECT_PHOTO/과일/참외/[직접농사] 고당도 성주 꿀 참외, 3kg(특상 로얄과..., 1개 - 참외/main.jpg","productImage/PROJECT_PHOTO/fruit/chamoe/jikjeob/"
"PD_00081","LG코드제로 A9S 무선청소기",740000,"가전제품","최대 흡입력은 260W이며 무게는 2.5KG 이다. 제공되는 충전 타워에 충전을 하면서 무선으로 청소기를 가동할 수 있다. 물걸레 청소가 가능하다.",200,"/projectPhoto/가전/청소기/[LG전자] 코드제로 오브제컬렉션 A9S 올인원타워 무선청소기 [카밍베이지_AU920CWD] - 스틱청소기 _ 쿠팡/상세정보.jpg","productImage/PROJECT_PHOTO/가전/청소기/[LG전자] 코드제로 오브제컬렉션 A9S 올인원타워 무선청소기 [카밍베이지_AU920CWD] - 스틱청소기 _ 쿠팡/main.jpg","productImage/PROJECT_PHOTO/electronic/chungso/lg/"
"PD_00082","삼성전자 Bespoke 제트 AI 청소기 400W VS90F40CSG",1339000,"가전제품","최대 흡입력은 210W이고 먼지용량은 0.5L이다. 베터리 용량은 2,200mAH이다. 제공되는 충전 타워에 충전을 하면서 무선으로 청소기를 가동할 수 있다. 물걸레 청소가 가능하다.",200,"/projectPhoto/가전/청소기/삼성 비스포크 제트 무선청소기 VS20A957E3W 화이트 - 진공청소기 _ 쿠팡/상세정보.jpg","productImage/PROJECT_PHOTO/가전/청소기/삼성 비스포크 제트 무선청소기 VS20A957E3W 화이트 - 진공청소기 _ 쿠팡/main.jpg","productImage/PROJECT_PHOTO/electronic/chungso/samsung/"
"PD_00083","일렉스토룩스 얼티밋홈 900 무선청소기",899000,"가전제품","최대 흡입력은 150W이고, 먼지용량은 0.4L이며, 무게는 2.88KG 이다. 베터리용량은 3,000mAH이다. 제공되는 충전 타워에 충전을 하면서 무선으로 청소기를 가동할 수 있다. 물걸레 청소가 가능하다.",200,"/projectPhoto/가전/청소기/일렉트로룩스 얼티밋홈 900 무선청소기 EFP91825 - 스틱청소기 _ 쿠팡/상세정보.jpg","productImage/PROJECT_PHOTO/가전/청소기/일렉트로룩스 얼티밋홈 900 무선청소기 EFP91825 - 스틱청소기 _ 쿠팡/main.jpg","productImage/PROJECT_PHOTO/electronic/chungso/electoruks/"
"PD_00084","아이닉 아이타워 i30 무선청소기",279000,"가전제품","최대 흡입력은 255W이고, 무게는 2.2KG이다. 베터리 용량은 3,000mAH이다. 제공되는 충전 타워에 충전을 하면서 무선으로 청소기를 가동할 수 있다. 물걸레 청소가 가능하다.",200,"/projectPhoto/가전/청소기/아이닉 무선청소기 i50 아이타워 + 헤드브러시 + 침구 브러시 + 필터 2p 세트 i50 itower - 스틱청소기 _ 쿠팡/상세정보.jpg","productImage/PROJECT_PHOTO/가전/청소기/아이닉 무선청소기 i50 아이타워 + 헤드브러시 + 침구 브러시 + 필터 2p 세트 i50 itower - 스틱청소기 _ 쿠팡/main.jpg","productImage/PROJECT_PHOTO/electronic/chungso/iinic/"
"PD_00085","2025년 최신형 디베아 무선 스틱 청소기",199000,"가전제품","최대 흡입력은 220W이고, 무게는 2.2KG이다. 베터리 용량은 2,200mAH이다. 제공되는 충전 타워에 충전을 하면서 무선으로 청소기를 가동할 수 있다. 물걸레 청소가 가능하다.",200,"/projectPhoto/가전/청소기/2025년 최신형 디베아 무선 스틱 청소기 BLDC 최강 흡입력 풀구성 모터 A_S10년 THE NEW - 스틱청소기 _ 쿠팡/상세정보.jpg","productImage/PROJECT_PHOTO/가전/청소기/2025년 최신형 디베아 무선 스틱 청소기 BLDC 최강 흡입력 풀구성 모터 A_S10년 THE NEW - 스틱청소기 _ 쿠팡/main.jpg","productImage/PROJECT_PHOTO/electronic/chungso/devea/"
"PD_00087","키친플라워 쿠킨 통주물 와이드 전기그릴 중형",30940,"가전제품","크기는 450×247×68mm이고, 소비전력은 1,800W 이다. 불소수지 코팅이 되어있어 눌러붙지 않고, 높이조절이 가능하다. 5단계 온도 조절 장치가 있다.",200,"/projectPhoto/가전/전기그릴/키친플라워 쿠킨 통주물 와이드 전기그릴 중형 - 전기그릴_팬 _ 쿠팡/상세정보.png","productImage/PROJECT_PHOTO/가전/전기그릴/키친플라워 쿠킨 통주물 와이드 전기그릴 중형 - 전기그릴_팬 _ 쿠팡/main.jpg","productImage/PROJECT_PHOTO/electronic/grill/kitchenflower/"
"PD_00089","키친아트 허브와이드 전기그릴",42800,"가전제품","크기는 500×235×200mm이고, 소비전력은 1,400W 이다. 불소수지 코팅이 되어있어 눌러붙지 않고, 높이조절이 가능하다. 5단계 온도 조절 장치가 있다. 팬 안에 그릴팬과 구이팬 2가지 팬이 있다.",200,"/projectPhoto/가전/전기그릴/키친아트 허브 2IN1 와이드 전기그릴 - 전기그릴_팬 _ 쿠팡/상세정보.jpg","productImage/PROJECT_PHOTO/가전/전기그릴/키친아트 허브 2IN1 와이드 전기그릴 - 전기그릴_팬 _ 쿠팡/main.jpg","productImage/PROJECT_PHOTO/electronic/grill/kitchenart/"
"PD_00090","매직쉐프 대형 전기 와이드그릴 풀세트 - 전기그릴_팬 _ 쿠팡",44010,"가전제품","크기는 640×270×136mm이고, 소비전력은 1,500W 이다. 불소수지 코팅이 되어있어 눌러붙지 않고, 높이조절이 가능하다. 5단계 온도 조절 장치가 있다. ",200,"/projectPhoto/가전/전기그릴/매직쉐프 대형 전기 와이드그릴 풀세트 - 전기그릴_팬/상세정보.jpg","productImage/PROJECT_PHOTO/가전/전기그릴/매직쉐프 대형 전기 와이드그릴 풀세트 - 전기그릴_팬/main.jpg","productImage/PROJECT_PHOTO/electronic/grill/magic/"
"PD_00091","필립스 믹서기 5000 시리즈 초고속 파워블렌더 HR3573/90",148000,"가전제품","사이즈는 150×150×405mm이고, 무게는 3.83kg이며 소비전력은 1,000W 이다.6각 3D칼날 사용, 최대용량은 2L이다.",200,"/projectPhoto/가전/믹서기/필립스 믹서기 5000 시리즈 초고속 파워블렌더 HR3573_90 새상품 - 초고속블렌더 _ 쿠팡/상세정보.jpg","productImage/PROJECT_PHOTO/가전/믹서기/필립스 믹서기 5000 시리즈 초고속 파워블렌더 HR3573_90 새상품 - 초고속블렌더 _ 쿠팡/main.jpg","productImage/PROJECT_PHOTO/electronic/mixer/philips/"
"PD_00092","테팔 초고속블렌더 퍼펙트믹스 글라스",146300,"가전제품","소비전력은 1,200W 이다. 최대용량은 2L이다. 6중 칼날을 이용하며 스무디, 얼음분쇄, 자동세척 기능이 있다. 용기는 내열유리이다.",200,"/projectPhoto/가전/믹서기/테팔 초고속 블렌더 퍼펙트믹스+온더고 BL81GDKR _ 한샘몰/상세정보.jpg","productImage/PROJECT_PHOTO/가전/믹서기/테팔 초고속 블렌더 퍼펙트믹스+온더고 BL81GDKR _ 한샘몰/main.jpg","productImage/PROJECT_PHOTO/electronic/mixer/tefal/"
"PD_00093","웨이드 진공 믹서기 블렌더",135940,"가전제품","사이즈는 160×150×420mm이다. 소비전력은 500W 이다. 용량은 대량컵 1L, 텀블러 0.8L, 그라인더 0.25L이다. 6중칼날을 제공하며, 진공기능이 있다.",200,"/projectPhoto/가전/믹서기/웨이드 진공 믹서기 블렌더 - 초고속블렌더 _ 쿠팡/상세정보.png","productImage/PROJECT_PHOTO/가전/믹서기/웨이드 진공 믹서기 블렌더 - 초고속블렌더 _ 쿠팡/main.jpg","productImage/PROJECT_PHOTO/electronic/mixer/wade/"
"PD_00095","보아르 에이블 초고속 진공 블렌더 대용량 믹서기",109000,"가전제품","사이즈는 185×485×185mm이다. 소비전력은 800W 이다. 6중날 칼날 사용, 최대용량은 1.75L이다. 진공기능과 가열기능, 스무디 기능 및 자동세척기능이 있다.",200,"/projectPhoto/가전/믹서기/보아르 에이블 초고속 진공 블렌더 대용량 믹서기 VO-KI012 - 초고속블렌더 _ 쿠팡/상세정보.jpg","productImage/PROJECT_PHOTO/가전/믹서기/보아르 에이블 초고속 진공 블렌더 대용량 믹서기 VO-KI012 - 초고속블렌더 _ 쿠팡/main.jpg","productImage/PROJECT_PHOTO/electronic/mixer/voaar/"
"PD_00147","필립스 New 3000 시리즈 컴팩트 케어 헤어 드라이어 BHD321_09 1600W - 드라이어",61900,"가전제품","소비전력은 1600W이고 총 무게는 0.35KG이며, 풍속은 2단까지 조절 가능합니다.",200,"/projectPhoto/가전/헤어드라이어/필립스 New 3000 시리즈 컴팩트 케어 헤어 드라이어 BHD321_09 1600W - 드라이어/상세정보.png","productImage/PROJECT_PHOTO/가전/헤어드라이어/필립스 New 3000 시리즈 컴팩트 케어 헤어 드라이어 BHD321_09 1600W - 드라이어/main.jpg","productImage/PROJECT_PHOTO/electronic/hairdryer/philips/"
"PD_00148","데오아 헤어 드라이기 BLDC 고속건조 미용실 음이온 휴대용 저소음 드라이어 KR-F08 - 드라이어",98900,"가전제품","소비전력은 1200W이고 총 무게는 0.29KG이며, BLDC 모터를 사용하였습니다. 풍속은 3단까지 조절 가능합니다. 자동 전원 차단 기능이 있습니다.",200,"/projectPhoto/가전/헤어드라이어/데오아 헤어 드라이기 BLDC 고속건조 미용실 음이온 휴대용 저소음 드라이어 KR-F08 - 드라이어/상세정보.jpg","productImage/PROJECT_PHOTO/가전/헤어드라이어/데오아 헤어 드라이기 BLDC 고속건조 미용실 음이온 휴대용 저소음 드라이어 KR-F08 - 드라이어/main.jpg","productImage/PROJECT_PHOTO/electronic/hairdryer/deoa/"
"PD_00149","한일전기 컴팩트 헤어 드라이기 파워 BLDC 미용실 전문가용 아이보리 - 드라이어",98000,"가전제품","접이식 드라이기 이며, 총 무게는 0.35KG 입니다. BLDC 모터를 사용하였고 풍속은 3단까지 조절 가능합니다. 소비전력은 1600W입니다.",200,"/projectPhoto/가전/헤어드라이어/한일전기 컴팩트 헤어 드라이기 파워 BLDC 미용실 전문가용 아이보리 - 드라이어/상세정보.png","productImage/PROJECT_PHOTO/가전/헤어드라이어/한일전기 컴팩트 헤어 드라이기 파워 BLDC 미용실 전문가용 아이보리 - 드라이어/main.jpg","productImage/PROJECT_PHOTO/electronic/hairdryer/hanil/"
"PD_00150","디베아 퓨어젯 헤어 드라이어 PUREJET 1600W - 드라이어",129000,"가전제품","소비전력은 1600W이고 총 무게는 0.41KG입니다. BLDC 모터를 사용하였고 풍속은 2단까지 조절 가능합니다. ",200,"/projectPhoto/가전/헤어드라이어/디베아 퓨어젯 헤어 드라이어 PUREJET 1600W - 드라이어/상세정보.jpg","productImage/PROJECT_PHOTO/가전/헤어드라이어/디베아 퓨어젯 헤어 드라이어 PUREJET 1600W - 드라이어/main.jpg","productImage/PROJECT_PHOTO/electronic/hairdryer/devea/"
"PD_00151","햇살 머금은 촉촉한 자색 가지, 가지 1kg",6000,"야채","가지는 항산화에 도움을 주는 대표적인 야채입니다. 또한 칼륨이 풍부하여 나트륨의 배출도 돕습니다. 국내산으로 여러 농가들을 다니며 꼼꼼하게 검수후에 배송합니다.",200,"/projectPhoto/야채/가지/햇살 머금은 촉촉한 자색 가지, 가지 1kg, 1개 - 가지 _ 쿠팡/상세정보.png","productImage/PROJECT_PHOTO/야채/가지/햇살 머금은 촉촉한 자색 가지, 가지 1kg, 1개 - 가지 _ 쿠팡/main.jpg","productImage/PROJECT_PHOTO/vegetable/eggplant/hatsal/"
"PD_00153","국내산 가지, 1개입, 1개",1700,"야채","가지는 항산화에 도움을 주는 대표적인 야채입니다. 또한 칼륨이 풍부하여 나트륨의 배출도 돕습니다. 국내산 가지로 로켓프레시를 통해 가지를 만나보세요",200,"/projectPhoto/야채/가지/국내산 가지, 1개입, 1개 - 가지 _ 쿠팡/상세정보.png","productImage/PROJECT_PHOTO/야채/가지/국내산 가지, 1개입, 1개 - 가지 _ 쿠팡/main.jpg","productImage/PROJECT_PHOTO/vegetable/eggplant/gooknaegaji/"
"PD_00154","국내산 신선한 햇가지 단단한 야채튀김 나물용 당일경매 못난이 상품 가지 농장을부탁해, 가지 4kg, 1박스",30000,"야채","가지는 항산화에 도움을 주는 대표적인 야채입니다. 또한 칼륨이 풍부하여 나트륨의 배출도 돕습니다. 꼼꼼하게 검수하여 직접 배송합니다. ",200,"/projectPhoto/야채/가지/국내산 신선한 햇가지 단단한 야채튀김 나물용 당일경매 못난이 상품 가지 농장을부탁해, 가지 4kg, 1박스 - 가지 _ 쿠팡/상세정보.png","productImage/PROJECT_PHOTO/야채/가지/국내산 신선한 햇가지 단단한 야채튀김 나물용 당일경매 못난이 상품 가지 농장을부탁해, 가지 4kg, 1박스 - 가지 _ 쿠팡/main.jpg","productImage/PROJECT_PHOTO/vegetable/eggplant/sinsunhangaji/"
"PD_00155","신선한 국내산 못난이 가지 GAP 스마트팜 당일수확, 1.1kg(10입_1개) ",13000,"야채","가지는 항산화에 도움을 주는 대표적인 야채입니다. 또한 칼륨이 풍부하여 나트륨의 배출도 돕습니다. 스마트팜을 통해 GAP 인증을 받았으며 가지들 또한 품질이 상당히 좋다고 자부합니다. 그만큼 꼼꼼히 한번 더 검수해서 맛있는 가지를 제공하려고 합니다.",200,"/projectPhoto/야채/가지/신선한 국내산 못난이 가지 GAP 스마트팜 당일수확, 1.1kg(10입_..., 1개 - 가지 _ 쿠팡/상세정보.png","productImage/PROJECT_PHOTO/야채/가지/신선한 국내산 못난이 가지 GAP 스마트팜 당일수확, 1.1kg(10입_..., 1개 - 가지 _ 쿠팡/main.jpg","productImage/PROJECT_PHOTO/vegetable/eggplant/ugligaji/"
"PD_00157","맛있는당근 3kg 청정당근 주스용 햇 강원도당근, 하, 3개",40000,"야채","비타민 A가 풍부해 눈 건강에 탁월한 당근입니다. 항산화에도 좋은 이 당근은 강원도에서 직접 재배하여 신선하게 보내드립니다. 흙이 묻어있는 채로 배송되어 더 오래 보관할 수 있는 장점이 있습니다.",200,"/projectPhoto/야채/당근/맛있는당근 3kg 청정당근 주스용 햇 강원도당근, 하, 3개 - 당근 _ 쿠팡/상세정보.png","productImage/PROJECT_PHOTO/야채/당근/맛있는당근 3kg 청정당근 주스용 햇 강원도당근, 하, 3개 - 당근 _ 쿠팡/main.jpg","productImage/PROJECT_PHOTO/vegetable/carrot/delcious/"
"PD_00158","[당일발송]첫수확 제주 구좌 햇 흙당근, 상5kg, 1개",42000,"야채","비타민 A가 풍부하여 눈 건강에 좋은 당근입니다. 항산화에도 도움을 주는 건강한 당근을 제주도에서 직접 수확하여 신선하게 보내드립니다.",200,"/projectPhoto/야채/당근/[당일발송]첫수확 제주 구좌 햇 흙당근, 상5kg, 1개 - 당근 _ 쿠팡/상세정보.jpg","productImage/PROJECT_PHOTO/야채/당근/[당일발송]첫수확 제주 구좌 햇 흙당근, 상5kg, 1개 - 당근 _ 쿠팡/main.jpg","productImage/PROJECT_PHOTO/vegetable/carrot/dangil/"
"PD_00159","국내산 제주 햇 흙당근 생식용 요리용, 흙당근1kg(중) 1개 ",12500,"야채","흙이 자연스러운 보호막 역할을 해주어 씻은 당근보다 더 오래 보관할 수 있는 당근입니다. 비타민 A와 항산화 성분이 가득하여 건강을 챙기는 데 큰 도움이 됩니다.",200,"/projectPhoto/야채/당근/국내산 제주 햇 흙당근 생식용 요리용, 흙당근1kg(중),..., 1개 - 당근 _ 쿠팡/상세정보.png","productImage/PROJECT_PHOTO/야채/당근/국내산 제주 햇 흙당근 생식용 요리용, 흙당근1kg(중),..., 1개 - 당근 _ 쿠팡/main.jpg","productImage/PROJECT_PHOTO/vegetable/carrot/jeju/"
"PD_00161","국내산 세척 무, 1개입, 1개 - 무",2400,"야채","무우는 소화를 비타민 C와 식이섬유가 풍부합니다. 국내산으로 세척한 무를 저렴한 가격에 배송해드리고 있습니다.",200,"/projectPhoto/야채/무우/국내산 세척 무, 1개입, 1개 - 무 _ 쿠팡/상세정보.png","productImage/PROJECT_PHOTO/야채/무우/국내산 세척 무, 1개입, 1개 - 무 _ 쿠팡/main.jpg","productImage/PROJECT_PHOTO/vegetable/moo/saecheok/"
"PD_00175","냠냠팜팜 산지직송 친환경 무농약 부추, 1kg, 1개",7900,"야채","부추에는 비타민 K와 알리신이 있어 골다공증과 피로회복에 도움을 줍니다. 국내산으로 친환경 농법으로 농약없이 재배한 부추입니다.",200,"/projectPhoto/야채/부추/냠냠팜팜 산지직송 친환경 무농약 부추, 1kg, 1개 - 부추 _ 쿠팡/상세정보.png","productImage/PROJECT_PHOTO/야채/부추/냠냠팜팜 산지직송 친환경 무농약 부추, 1kg, 1개 - 부추 _ 쿠팡/main.jpg","productImage/PROJECT_PHOTO/vegetable/buchoo/nyamnyam/"
"PD_00176","정직한농장 산지직송 신선한 국내산 손질 부추, 750g, 1박스",6700,"야채","부추에는 비타민 K와 알리신이 있어 골다공증과 피로회복에 도움을 줍니다. 국내산으로 직접 손질한 부추를 보내드립니다.",200,"/projectPhoto/야채/부추/정직한농장 산지직송 신선한 국내산 손질 부추, 750g, 1박스 - 부추 _ 쿠팡/상세정보.png","productImage/PROJECT_PHOTO/야채/부추/정직한농장 산지직송 신선한 국내산 손질 부추, 750g, 1박스 - 부추 _ 쿠팡/main.jpg","productImage/PROJECT_PHOTO/vegetable/buchoo/jeongjik/"
"PD_00177","포프리 무농약 숙주나물, 300g, 1개",2300,"야채","국내산 숙주나물입니다. 비타민B6와 비타민C가 풍부해 면역력 강화에 탁월합니다. 또한 아스파라긴산이 들어있어 숙취 해소에 효과적이며, 신선한 아삭함으로 다양한 요리에 잘 어울립니다.",200,"/projectPhoto/야채/숙주나물/포프리 무농약 숙주나물, 300g, 1개 - 숙주나물 _ 쿠팡/상세정보.png","productImage/PROJECT_PHOTO/야채/숙주나물/포프리 무농약 숙주나물, 300g, 1개 - 숙주나물 _ 쿠팡/main.jpg","productImage/PROJECT_PHOTO/vegetable/sookjoo/fofree/"
"PD_00178","풀무원 국산 숙주, 260g, 1봉",3000,"야채","국내산 숙주나물이며 아스파라긴산 성분이 숙취를 빠르게 해소하는 데 도움을 주고, 풍부한 비타민 덕분에 면역력을 높여줍니다. 특유의 아삭한 식감으로 볶음이나 국 등 어떤 요리에도 활용하기 좋습니다.",200,"/projectPhoto/야채/숙주나물/풀무원 국산 숙주, 260g, 1봉 - 숙주나물 _ 쿠팡/상세정보.png","productImage/PROJECT_PHOTO/야채/숙주나물/풀무원 국산 숙주, 260g, 1봉 - 숙주나물 _ 쿠팡/main.jpg","productImage/PROJECT_PHOTO/vegetable/sookjoo/pulmuwon/"
"PD_00179","CJ제일제당 행복한콩 아삭통통 숙주, 380g, 1개",3800,"야채","비타민B6와 비타민C가 가득한 숙주나물로, 면역력을 챙기세요. 아스파라긴산이 풍부하여 특히 숙취 해소에 도움이 됩니다. 신선하고 아삭한 식감이 일품이라 샐러드나 무침 요리에 사용하기 좋습니다. 국내산 숙주나물입니다.",200,"/projectPhoto/야채/숙주나물/CJ제일제당 행복한콩 아삭통통 숙주, 380g, 1개 - 숙주나물 _ 쿠팡/상세정보.png","productImage/PROJECT_PHOTO/야채/숙주나물/CJ제일제당 행복한콩 아삭통통 숙주, 380g, 1개 - 숙주나물 _ 쿠팡/main.jpg","productImage/PROJECT_PHOTO/vegetable/sookjoo/cj/"
"PD_00181","맑은물에 참좋은 국산 숙주나물, 300g, 1개",3450,"야채","믿고 드실 수 있는 엄선된 수입산 숙주나물입니다. 아스파라긴산과 비타민이 풍부해 건강을 챙기는 데 도움이 되며, 다양한 요리에 활용하기 좋습니다.",200,"/projectPhoto/야채/숙주나물/맑은물에 참좋은 국산 숙주나물, 300g, 1개 - 숙주나물 _ 쿠팡/상세정보.png","productImage/PROJECT_PHOTO/야채/숙주나물/맑은물에 참좋은 국산 숙주나물, 300g, 1개 - 숙주나물 _ 쿠팡/main.jpg","productImage/PROJECT_PHOTO/vegetable/sookjoo/freshwater/"
"PD_00182","태국산 미니 아스파라거스, 100g, 1개",5200,"야채","아스파라거스는 비타민 K가 풍부하여 뼈 건강에 도움을 줍니다. 태국산 미니 아스파라거스를 보내드립니다.",200,"/projectPhoto/야채/아스파라거스/태국산 미니 아스파라거스, 100g, 1개 - 아스파라거스 _ 쿠팡/상세정보.png","productImage/PROJECT_PHOTO/야채/아스파라거스/태국산 미니 아스파라거스, 100g, 1개 - 아스파라거스 _ 쿠팡/main.jpg","productImage/PROJECT_PHOTO/vegetable/aspara/taegookaspa/"
"PD_00183","100% 국내산 생 아스파라거스 먹기 편한 미니 사이즈, 500g 미니, 1개",7700,"야채","아스파라거스는 비타민 K가 풍부하여 뼈 건강에 도움을 줍니다. 국내산으로 직접 재배한 아스파라거스를 까다롭게 엄선하여 보내드립니다.",200,"/projectPhoto/야채/아스파라거스/100% 국내산 생 아스파라거스 먹기 편한 미니 사이즈, 500g 미니, 1개 - 아스파라거스 _ 쿠팡/상세정보.png","productImage/PROJECT_PHOTO/야채/아스파라거스/100% 국내산 생 아스파라거스 먹기 편한 미니 사이즈, 500g 미니, 1개 - 아스파라거스 _ 쿠팡/main.jpg","productImage/PROJECT_PHOTO/vegetable/aspara/100/"
"PD_00185","국내산 아스파라거스",11200,"야채","비타민 K가 풍부하여 뼈 건강에 특히 좋은 아스파라거스입니다. 신선한 국내산 아스파라거스를 다음날 아침, 문 앞에서 받아보실 수 있습니다.",200,"/projectPhoto/야채/아스파라거스/국내산 아스파라거스 - 아스파라거스 _ 쿠팡/상세정보.png","productImage/PROJECT_PHOTO/야채/아스파라거스/국내산 아스파라거스 - 아스파라거스 _ 쿠팡/main.jpg","productImage/PROJECT_PHOTO/vegetable/aspara/aspara/"
"PD_00186","국내산 아스파라거스, 150g, 1개",9300,"야채","가장 신선한 국내산 아스파라거스를 다음날 아침까지 신속하게 배송해 드립니다. 비타민 K가 다량 함유되어 있어 꾸준히 드시면 뼈 건강에 큰 도움을 받을 수 있습니다.",200,"/projectPhoto/야채/아스파라거스/국내산 아스파라거스, 150g, 1개 - 아스파라거스 _ 쿠팡/상세정보.png","productImage/PROJECT_PHOTO/야채/아스파라거스/국내산 아스파라거스, 150g, 1개 - 아스파라거스 _ 쿠팡/main.jpg","productImage/PROJECT_PHOTO/vegetable/aspara/aspara150g/"
"PD_00187","프리미엄 친환경 양배추",6700,"야채","양배추는 비타민 U와 K가 풍부하여 위장 건강에 좋은 야채입니다. 국내산 친환경으로 재배했고 엄격하게 고르고 또 고른 양배추만을 보내드립니다.",200,"/projectPhoto/야채/양배추/프리미엄 친환경 양배추 - 양배추 _ 쿠팡/상세정보.jpg","productImage/PROJECT_PHOTO/야채/양배추/프리미엄 친환경 양배추 - 양배추 _ 쿠팡/main.jpg","productImage/PROJECT_PHOTO/vegetable/cabbage/premieum/"
"PD_00189","[당일출고] 국내산 제주 강원 양배추 아삭하고 달콤한 양배추, 1.5kg, 2개",17000,"야채","양배추는 비타민 U와 K가 풍부하여 위장 건강에 좋은 야채입니다. 제주에서 정성껏재배한 양배추를 보내드립니다.",200,"/projectPhoto/야채/양배추/[당일출고] 국내산 제주 강원 양배추 아삭하고 달콤한 양배추, 1.5kg, 2개 - 양배추 _ 쿠팡/상세정보.png","productImage/PROJECT_PHOTO/야채/양배추/[당일출고] 국내산 제주 강원 양배추 아삭하고 달콤한 양배추, 1.5kg, 2개 - 양배추 _ 쿠팡/main.jpg","productImage/PROJECT_PHOTO/vegetable/cabbage/dangil/"
"PD_00190","국내산 양배추, 1개입, 1개",5800,"야채","양배추는 비타민 U와 K가 풍부하여 위장 건강에 좋은 야채입니다. 국내산 양배추를 어느 누구보다 빠르게 배송해드립니다.",200,"/projectPhoto/야채/양배추/국내산 양배추, 1개입, 1개 - 양배추 _ 쿠팡/상세정보.png","productImage/PROJECT_PHOTO/야채/양배추/국내산 양배추, 1개입, 1개 - 양배추 _ 쿠팡/main.jpg","productImage/PROJECT_PHOTO/vegetable/cabbage/gooknaesan/"
"PD_00162","(20kg_Box) 수입산 세척무 식자재 [원산지_중국]",66000,"야채","무우는 소화를 비타민 C와 식이섬유가 풍부합니다. 수입산으로 한번 더 무를 세척하여 저렴한 가격에 배송해드리고 있습니다.",200,"/projectPhoto/야채/무우/(20kg_Box) 수입산 세척무 식자재 [원산지_중국] - 무 _ 쿠팡/상세정보.png","productImage/PROJECT_PHOTO/야채/무우/(20kg_Box) 수입산 세척무 식자재 [원산지_중국] - 무 _ 쿠팡/main.jpg","productImage/PROJECT_PHOTO/vegetable/moo/20kg/"
"PD_00163","1등대만족 아삭하고 달큰한 맛있는 햇무, 5kg, 1개",24000,"야채","무우는 소화를 비타민 C와 식이섬유가 풍부합니다. 직접 재배한 햇무를 배송해드리고 있습니다. 다른 무보다 맵거나 아린맛이 적고, 단맛이 강해 생으로도 먹고 요리해서 먹을수도 있습니다. ",200,"/projectPhoto/야채/무우/1등대만족 아삭하고 달큰한 맛있는 햇무, 5kg, 1개 - 무 _ 쿠팡/상세정보.png","productImage/PROJECT_PHOTO/야채/무우/1등대만족 아삭하고 달큰한 맛있는 햇무, 5kg, 1개 - 무 _ 쿠팡/main.jpg","productImage/PROJECT_PHOTO/vegetable/moo/1/"
"PD_00165","국내산 무, 1개입, 1개",2000,"야채","무우는 소화를 비타민 C와 식이섬유가 풍부합니다. 국내산 무를 누구보다 빠르게 배송해드리고 있습니다.",200,"/projectPhoto/야채/무우/국내산 무, 1개입, 1개 - 무 _ 쿠팡/상세정보.png","productImage/PROJECT_PHOTO/야채/무우/국내산 무, 1개입, 1개 - 무 _ 쿠팡/main.jpg","productImage/PROJECT_PHOTO/vegetable/moo/gooknaemoo/"
"PD_00166","곰곰 대추방울토마토, 2kg, 1개",17000,"야채","일반 토마토보다 당도가 높아 생으로 먹기 좋은 방울토마토입니다. 비타민 C와 라이코펜이 풍부하여 노화 방지에 도움을 주며, 샐러드나 다양한 요리에 활용하기 좋습니다.",200,"/projectPhoto/야채/방울토마토/곰곰 대추방울토마토, 2kg, 1개 - 방울토마토 _ 쿠팡/상세정보.png","productImage/PROJECT_PHOTO/야채/방울토마토/곰곰 대추방울토마토, 2kg, 1개 - 방울토마토 _ 쿠팡/main.jpg","productImage/PROJECT_PHOTO/vegetable/tomato/gomgom/"
"PD_00167","굿뜨래 충남 부여 대추방울토마토, 1kg, 1박스",17400,"야채","일반 방울토마토보다 당도는 더 높고 신맛이 적어 달콤하게 즐길 수 있는 대추방울토마토입니다. 비타민 C와 라이코펜이 풍부하여 건강에 좋으며, 단단한 식감으로 씹는 맛이 뛰어나고 보관도 용이합니다.",200,"/projectPhoto/야채/방울토마토/굿뜨래 충남 부여 대추방울토마토, 1kg, 1박스 - 방울토마토 _ 쿠팡/상세정보.png","productImage/PROJECT_PHOTO/야채/방울토마토/굿뜨래 충남 부여 대추방울토마토, 1kg, 1박스 - 방울토마토 _ 쿠팡/main.jpg","productImage/PROJECT_PHOTO/vegetable/tomato/gooddrae/"
"PD_00168","야미 스테비아 대추방울토마토, 1kg, 1개",21000,"야채","방울토마토는 일반 토마토보다 당도가 높아 생으로 먹기가 좋고, 요리에도 다양하게 사용되는데 특히 비타민 C와 라이코펜이 풍부하여 노화방지에 도움을 줍니다. 스테비아라는 천연 감미료를 이용하여 인위적으로 단맛을 낸 것으로 신맛이 거의 없는 것이 특징입니다. ",200,"/projectPhoto/야채/방울토마토/야미 스테비아 대추방울토마토, 1kg, 1개 - 방울토마토 _ 쿠팡/상세정보.png","productImage/PROJECT_PHOTO/야채/방울토마토/야미 스테비아 대추방울토마토, 1kg, 1개 - 방울토마토 _ 쿠팡/main.jpg","productImage/PROJECT_PHOTO/vegetable/tomato/yami/"
"PD_00170","[모두의과일] 싱싱한 대추방울토마토2kg(1~4번과)_당일발송 ",24000,"야채","방울토마토는 일반 토마토보다 당도가 높아 생으로 먹기가 좋고, 요리에도 다양하게 사용되는데 특히 비타민 C와 라이코펜이 풍부하여 노화방지에 도움을 줍니다. 대추방울토마토는 일반 방울토마토보다 당도가 높고 신맛이 적으며 훨씬 더 단단하여 씹는 맛이 좋으며, 보관에도 용이한 장점이 있습니다. 직접 재배하였고 꼼꼼히 선발하여 보내드립니다.",200,"/projectPhoto/야채/방울토마토/[모두의과일] 싱싱한 대추방울토마토2kg(1~4번과)_당일발송 - 토마토 _ 쿠팡/상세정보.png","productImage/PROJECT_PHOTO/야채/방울토마토/[모두의과일] 싱싱한 대추방울토마토2kg(1~4번과)_당일발송 - 토마토 _ 쿠팡/main.jpg","productImage/PROJECT_PHOTO/vegetable/tomato/everybody/"
"PD_00171","[형제식탁] 당일수확 신선 대추 방울 토마토, 2kg(로얄과), 1박스",27000,"야채","방울토마토는 일반 토마토보다 당도가 높아 생으로 먹기가 좋고, 요리에도 다양하게 사용되는데 특히 비타민 C와 라이코펜이 풍부하여 노화방지에 도움을 줍니다. 대추방울토마토는 일반 방울토마토보다 당도가 높고 신맛이 적으며 훨씬 더 단단하여 씹는 맛이 좋으며, 보관에도 용이한 장점이 있습니다. 주문이 들어오면 당일 수확한 방울 토마토를 배송해드리고 있어서 그만큼 신선한 방울 토마토를 맛보실 수 있습니다.",200,"/projectPhoto/야채/방울토마토/[형제식탁] 당일수확 신선 대추 방울 토마토, 2kg(로얄과), 1박스 - 방울토마토 _ 쿠팡/상세정보.png","productImage/PROJECT_PHOTO/야채/방울토마토/[형제식탁] 당일수확 신선 대추 방울 토마토, 2kg(로얄과), 1박스 - 방울토마토 _ 쿠팡/main.jpg","productImage/PROJECT_PHOTO/vegetable/tomato/brother/"
"PD_00172","프리미엄 사천 노지부추",7000,"야채","부추에는 비타민 K와 알리신이 있어 골다공증과 피로회복에 도움을 줍니다. 국내산으로 사천에서 바닷바람을 맞으며 자란 부추를 보내드립니다. 다른 부추들보다 더욱 아삭하고 더 짙은 향을 느낄거라 생각합니다.",200,"/projectPhoto/야채/부추/프리미엄 사천 노지부추 - 부추 _ 쿠팡/상세정보.png","productImage/PROJECT_PHOTO/야채/부추/프리미엄 사천 노지부추 - 부추 _ 쿠팡/main.jpg","productImage/PROJECT_PHOTO/vegetable/buchoo/premieum/"
"PD_00173","(산지직송)모메조아 명품유기농부추 싱싱한 1kg",27400,"야채","부추에는 비타민 K와 알리신이 있어 골다공증과 피로회복에 도움을 줍니다. 국내산으로 철저한 유기농법으로 재배한 부추입니다. ",200,"/projectPhoto/야채/부추/(산지직송)모메조아 명품유기농부추 싱싱한 1kg 2kg 3kg 4kg - 부추 _ 쿠팡/상세정보.jpg","productImage/PROJECT_PHOTO/야채/부추/(산지직송)모메조아 명품유기농부추 싱싱한 1kg 2kg 3kg 4kg - 부추 _ 쿠팡/main.jpg","productImage/PROJECT_PHOTO/vegetable/buchoo/sanji/"
"PD_00174","국내산 부추, 150g, 1봉 - 부추",6600,"야채","부추에는 비타민 K와 알리신이 있어 골다공증과 피로회복에 도움을 줍니다. 국내산 부추를 가장 빠르게 배송해드립니다.",200,"/projectPhoto/야채/부추/국내산 부추, 150g, 1봉 - 부추 _ 쿠팡/상세정보.jpg","productImage/PROJECT_PHOTO/야채/부추/국내산 부추, 150g, 1봉 - 부추 _ 쿠팡/main.jpg","productImage/PROJECT_PHOTO/vegetable/buchoo/gooknae/"
"PD_00066","곰곰 국내산 블루베리 100g(대), 100g, 2개 - 블루베리_기타베리류",9500,"과일","블루베리는 눈의 피로를 풀어주고 시력 개선에 도움을 주는 과일이다. 항산화 작용에도 도움을 준다. 국내산으로 대(大)사이즈로 씹는 재미가 있다.",200,"/projectPhoto/과일/블루베리/곰곰 국내산 블루베리 100g(대), 100g, 2개 - 블루베리_기타베리류/상세정보.png","productImage/PROJECT_PHOTO/과일/블루베리/곰곰 국내산 블루베리 100g(대), 100g, 2개 - 블루베리_기타베리류/main.jpg","productImage/PROJECT_PHOTO/fruit/blueberry/gomgom/"
"PD_00096","위닉스 올바른 가습기",99390,"가전제품","사이즈는 270×215×370mm이며 무게는 2.7kg이다. 소비전력은 90W 이다. 물통 용량은 7.5L이다. 습도조절, 청소알람, 타이머, 자동꺼짐 기능이 있다.",200,"/projectPhoto/가전/가습기/위닉스 올바른 가습기 - 가습기_에어워셔 _ 쿠팡/상세정보.jpg","productImage/PROJECT_PHOTO/가전/가습기/위닉스 올바른 가습기 - 가습기_에어워셔 _ 쿠팡/main.jpg","productImage/PROJECT_PHOTO/electronic/gas/winix/"
"PD_00097","샤오미 미지아 스마트 대용량 가습기 II 4.5L",89130,"가전제품","사이즈는 지름 190×335mm이며 무게는 2.7kg이다. 소비전력은 28W 이다. 물통 용량은 4.5L이다. 습도조절, 핸드폰 연동 기능이 있다.",200,"/projectPhoto/가전/가습기/샤오미 미지아 스마트 대용량 가습기 II 4.5L - 가습기_에어워셔 _ 쿠팡/상세정보.png","productImage/PROJECT_PHOTO/가전/가습기/샤오미 미지아 스마트 대용량 가습기 II 4.5L - 가습기_에어워셔 _ 쿠팡/main.jpg","productImage/PROJECT_PHOTO/electronic/gas/xiao/"
"PD_00098","에어메이드 9L 복합식 가습기",139000,"가전제품","사이즈는 지름 215×680mm이며 무게는 1.98kg이다. 소비전력은 25W에서 170W이다. 물통 용량 9L이다. 습도조절, 자동습도조절, 가열, 핸드폰 연동 기능이 있다.",200,"/projectPhoto/가전/가습기/에어메이드 9L 복합식 가습기 - 가습기_에어워셔 _ 쿠팡/상세정보.jpg","productImage/PROJECT_PHOTO/가전/가습기/에어메이드 9L 복합식 가습기 - 가습기_에어워셔 _ 쿠팡/main.jpg","productImage/PROJECT_PHOTO/electronic/gas/airmade/"
"PD_00099","듀플렉스 초음파 가습기",348000,"가전제품","사이즈는 300×220×220mm이며 소비전력은 35W 이다. 물통 용량은 4L이다. 습도조절기능이 있다.",200,"/projectPhoto/가전/가습기/듀플렉스 초음파 가습기 - 가습기_에어워셔 _ 쿠팡/상세정보.jpg","productImage/PROJECT_PHOTO/가전/가습기/듀플렉스 초음파 가습기 - 가습기_에어워셔 _ 쿠팡/main.jpg","productImage/PROJECT_PHOTO/electronic/gas/dewflex/"
"PD_00101","앱코 가상 7.1 RGB 노이즈 캔슬링 마이크 게이밍 헤드셋",27500,"가전제품","일체형 헤드셋 무게는 359g, 전용소프트웨어 제공 및 마이크 노이즈캔슬링 지원",200,"/projectPhoto/가전/해드폰/앱코 가상 7.1 RGB 노이즈 캔슬링 마이크 게이밍 헤드셋 - 헤드셋 _ 쿠팡/상세정보.jpg","productImage/PROJECT_PHOTO/가전/해드폰/앱코 가상 7.1 RGB 노이즈 캔슬링 마이크 게이밍 헤드셋 - 헤드셋 _ 쿠팡/main.jpg","productImage/PROJECT_PHOTO/electronic/haedphone/abko/"
"PD_00102","COX SCARLET 가상 7.1 RGB 노이즈 캔슬링 헤드셋 (블랙)",49500,"가전제품","일체형 헤드셋 무게는 278g, 전용 소프트웨어 제공 및 노이즈 캔슬링 마이크, 진동 지원",200,"/projectPhoto/가전/해드폰/COX SCARLET 가상 7.1 RGB 노이즈 캔슬링 헤드셋 (블랙) - 헤드셋 _ 쿠팡/상세정보.jpg","productImage/PROJECT_PHOTO/가전/해드폰/COX SCARLET 가상 7.1 RGB 노이즈 캔슬링 헤드셋 (블랙) - 헤드셋 _ 쿠팡/main.jpg","productImage/PROJECT_PHOTO/electronic/haedphone/cox/"
"PD_00103","브리츠 게이밍헤드셋",21900,"가전제품","일체형 헤드셋 무게는 430g",200,"/projectPhoto/가전/해드폰/브리츠 게이밍헤드셋 - 헤드셋 _ 쿠팡/상세정보.jpg","productImage/PROJECT_PHOTO/가전/해드폰/브리츠 게이밍헤드셋 - 헤드셋 _ 쿠팡/main.jpg","productImage/PROJECT_PHOTO/electronic/haedphone/britz/"
"PD_00104","커세어 보이드 RGB 엘리트 무선 7.1채널 컴퓨터 게이밍 헤드셋",143000,"가전제품","일체형 헤드셋 무게는 400g 전용 소프트웨어 제공 및 노이즈 캔슬링, 무선 지원, 음소거 조절장치, 백라이트 커스텀 제공 ",200,"/projectPhoto/가전/해드폰/커세어 보이드 RGB 엘리트 무선 7.1채널 컴퓨터 게이밍 헤드셋 - 헤드셋 _ 쿠팡/상세정보.jpg","productImage/PROJECT_PHOTO/가전/해드폰/커세어 보이드 RGB 엘리트 무선 7.1채널 컴퓨터 게이밍 헤드셋 - 헤드셋 _ 쿠팡/main.jpg","productImage/PROJECT_PHOTO/electronic/haedphone/coss/"
"PD_00105","녹스 블랙홀 게이밍 헤드셋 7.1채널 노이즈 캔슬링",43000,"가전제품","일체형 헤드셋, 진동 기능 및 7.1 서라운드 기술, 노이즈 캔슬링",200,"/projectPhoto/가전/해드폰/녹스 블랙홀 게이밍 헤드셋 7.1채널 노이즈 캔슬링 - 헤드셋 _ 쿠팡/상세정보.jpg","productImage/PROJECT_PHOTO/가전/해드폰/녹스 블랙홀 게이밍 헤드셋 7.1채널 노이즈 캔슬링 - 헤드셋 _ 쿠팡/main.jpg","productImage/PROJECT_PHOTO/electronic/haedphone/nox/"
"PD_00106","벤큐 HDR 아이케어 모니터",129000,"가전제품","27인치 LED모니터, 주사율 75HZ, 명암비는 1,000:1, 해상도는 1,920×1,080(16:9), 깜빡임 방지, 자동밝기조절, 색약모드, 청색광 차단 기능 제공",200,"/projectPhoto/가전/모니터/벤큐 HDR 아이케어 모니터 - 게이밍 모니터 _ 쿠팡/상세정보.jpg","productImage/PROJECT_PHOTO/가전/모니터/벤큐 HDR 아이케어 모니터 - 게이밍 모니터 _ 쿠팡/main.jpg","productImage/PROJECT_PHOTO/electronic/monitor/venq/"
"PD_00108","어드밴스원 FHD 모니터 - 게이밍 모니터",160600,"가전제품","24인치 LED 모니터, 주사율 120HZ, 명암비는 3,000:1, 해상도는 1,920×1,080(16:9), 눈 보호 기능, 조준선 표시, 게임모드, FreeSync 기능 제공",200,"/projectPhoto/가전/모니터/어드밴스원 FHD 모니터 - 게이밍 모니터/상세정보.jpg","productImage/PROJECT_PHOTO/가전/모니터/어드밴스원 FHD 모니터 - 게이밍 모니터/main.jpg","productImage/PROJECT_PHOTO/electronic/monitor/advance/"
"PD_00109","한성컴퓨터 FHD 1200R 커브드 180Hz 게이밍 모니터 - 게이밍 모니터",149000,"가전제품","24인치 LED 모니터, 주사율 180HZ, 명암비는 3,000:1, 해상도는 1,920×1,080(16:9), 조준선 표시, 게임모드, FreeSync 기능 제공",200,"/projectPhoto/가전/모니터/한성컴퓨터 FHD 1200R 커브드 180Hz 게이밍 모니터 - 게이밍 모니터 _ 쿠팡/상세정보.jpg","productImage/PROJECT_PHOTO/가전/모니터/한성컴퓨터 FHD 1200R 커브드 180Hz 게이밍 모니터 - 게이밍 모니터 _ 쿠팡/main.jpg","productImage/PROJECT_PHOTO/electronic/monitor/hansung/"
"PD_00110","리오나인 FHD 240Hz 게이밍 모니터",239000,"가전제품","27인치 LED 모니터, 주사율 240HZ, 명암비는 3,000:1, 해상도는 1,920×1,080(16:9), 조준선 표시, 게임모드, FreeSync 기능 제공",200,"/projectPhoto/가전/모니터/리오나인 FHD 240Hz 게이밍 모니터 - 게이밍 모니터 _ 쿠팡/상세정보.jpg","productImage/PROJECT_PHOTO/가전/모니터/리오나인 FHD 240Hz 게이밍 모니터 - 게이밍 모니터 _ 쿠팡/main.jpg","productImage/PROJECT_PHOTO/electronic/monitor/leonine/"
"PD_00111","로지텍 USB 유선 일반형 키보드",12400,"가전제품","USB 유선 키보드, 액체 유입 대비 설계, 내구성이 강함, 실리콘 키스킨 제공",200,"/projectPhoto/가전/키보드/로지텍 USB 유선 일반형 키보드 - 유선키보드 _ 쿠팡/상세정보.jpg","productImage/PROJECT_PHOTO/가전/키보드/로지텍 USB 유선 일반형 키보드 - 유선키보드 _ 쿠팡/main.jpg","productImage/PROJECT_PHOTO/electronic/keyboard/logitek/"
"PD_00115","COX 게이트론 LED 게이밍 기계식 유선 텐키리스 키보드",49000,"가전제품","USB 유선 기계식 키보드, 텐키리스, 액체 유입 대비 설계, 키보드 커스텀 가능, 실리콘 키스킨 제공",200,"/projectPhoto/가전/키보드/COX 게이트론 LED 게이밍 기계식 유선 텐키리스 키보드 - 유선키보드 _ 쿠팡/상세정보.jpg","productImage/PROJECT_PHOTO/가전/키보드/COX 게이트론 LED 게이밍 기계식 유선 텐키리스 키보드 - 유선키보드 _ 쿠팡/main.jpg","productImage/PROJECT_PHOTO/electronic/keyboard/cox/"
"PD_00116","코웨이 아이콘 얼음정수기 CHPI-7400N",1880000,"가전제품","데스크형으로 전자식 추출 방식을 사용한다. 제빙 기능이 있음, 폴리프로필렌 직수관을 이용하는 정수 방식 사용하며, 추가로 1L 물통에 저장하는 방식을 이용, 일일제빙량은 600개이다. 사이즈는 240×473×465mm, 무게는 16.1kg이다.",200,"/projectPhoto/가전/정수기/코웨이 아이콘 얼음냉온정수기 오리지널 CHPI-7400N_V2 _ 코웨이 공식 렌탈샵/상세정보.jpg","productImage/PROJECT_PHOTO/가전/정수기/코웨이 아이콘 얼음냉온정수기 오리지널 CHPI-7400N_V2 _ 코웨이 공식 렌탈샵/main.jpg","productImage/PROJECT_PHOTO/electronic/waterfil/coway/"
"PD_00117","SK매직 원코크 얼음물 정수기 WPU-IAC414 방문설치 - 정수기",1890000,"가전제품","데스크형이다. 스테인리스 직수관을 이용하는 정수 방식 사용, 제빙 기능, 자동 살균 기능이 있음. 직수방식을 이용, 일일 제빙량은 600개이다. 사이즈는 245×482×515mm이며, 무게는 16.5kg이다.",200,"/projectPhoto/가전/정수기/SK매직 원코크 얼음물 정수기 WPU-IAC414 방문설치 - 정수기 _ 쿠팡/상세정보.jpg","productImage/PROJECT_PHOTO/가전/정수기/SK매직 원코크 얼음물 정수기 WPU-IAC414 방문설치 - 정수기 _ 쿠팡/main.jpg","productImage/PROJECT_PHOTO/electronic/waterfil/sk/"
"PD_00118","LG 퓨리케어 오브제컬렉션 얼음정수기 _ WD721RH ",2282000,"가전제품","데스크형이다. 스테인리스 직수관을 이용하는 정수 방식 사용, 제빙 기능, 자동 살균 기능, 필터교환 알림 기능이 있다. 직수방식을 이용, 일일 제빙량은 150개이다. 사이즈는 240×465×497mm이며, 무게는 18.2kg이다.",200,"/projectPhoto/가전/정수기/LG 퓨리케어 오브제컬렉션 얼음정수기 _ WD721RH _ 정수기 _ 주방가전 _ 제품_소모품/상세정보.png","productImage/PROJECT_PHOTO/가전/정수기/LG 퓨리케어 오브제컬렉션 얼음정수기 _ WD721RH _ 정수기 _ 주방가전 _ 제품_소모품/main.jpg","productImage/PROJECT_PHOTO/electronic/waterfil/lg/"
"PD_00119","쿠쿠 제로100 슬림 얼음 냉온정수기 CP-AHS100HEW",1837950,"가전제품","데스크형이다. 일반 직수관을 이용하는 정수 방식 사용, 제빙 기능, 자동 살균 기능이 있다. 직수방식을 이용, 일일 제빙량은 600개이다. 사이즈는 230×460×480mm이며, 무게는 17kg이다.",200,"/projectPhoto/가전/정수기/[공식인증점]쿠쿠 제로100 슬림 얼음 냉온정수기 CP-AHS100HEW 3년필터증정 - 정수기 _ 쿠팡/상세정보.jpg","productImage/PROJECT_PHOTO/가전/정수기/[공식인증점]쿠쿠 제로100 슬림 얼음 냉온정수기 CP-AHS100HEW 3년필터증정 - 정수기 _ 쿠팡/main.jpg","productImage/PROJECT_PHOTO/electronic/waterfil/coocoo/"
"PD_00120","청호나이스 3년 관리서비스 세니타 살균얼음냉온정수기 방문설치",1882500,"가전제품","데스크형이다. 저수조 정수방식 사용, 제빙 기능, 자동 살균 기능이 있으며, 사용빈도가 낮은 시간에 자동으로 저수조를 비우는 기능이 있다. 직수방식을 이용, 일일 제빙량은 7kg이다. 사이즈는 290×474×506mm이다.",200,"/projectPhoto/가전/정수기/청호나이스 3년 관리서비스 세니타 살균얼음냉온정수기 방문설치/상세정보.png","productImage/PROJECT_PHOTO/가전/정수기/청호나이스 3년 관리서비스 세니타 살균얼음냉온정수기 방문설치/main.jpg","productImage/PROJECT_PHOTO/electronic/waterfil/chungho/"
"PD_00122","레이저 휴먼스케일 프로 클릭 무선 마우스",171850,"가전제품","광마우스, 유선, 무선, 16,000dpi, 전용 동글, 블루투스 연결, 멀티 호스트 연결",200,"/projectPhoto/가전/마우스/레이저 휴먼스케일 프로 클릭 무선 마우스 - 무선마우스 _ 쿠팡/상세정보.jpg","productImage/PROJECT_PHOTO/가전/마우스/레이저 휴먼스케일 프로 클릭 무선 마우스 - 무선마우스 _ 쿠팡/main.jpg","productImage/PROJECT_PHOTO/electronic/mouse/razer/"
"PD_00123","아이리버 버티컬 무선 마우스",32500,"가전제품","무선, 4,000dpi, 전용 동글, 버티컬, 광마우스, 무소음 스위치, 멀티 페어링",200,"/projectPhoto/가전/마우스/아이리버 버티컬 무선 마우스 - 무선마우스 _ 쿠팡/상세정보.jpg","productImage/PROJECT_PHOTO/가전/마우스/아이리버 버티컬 무선 마우스 - 무선마우스 _ 쿠팡/main.jpg","productImage/PROJECT_PHOTO/electronic/mouse/iriver/"
"PD_00126","홈플래닛 핸디형 스탠드 스팀다리미 - 다리미",25990,"가전제품","핸디형 스팀다리미, 용량은 0.28L, 스팀 방식에는 연속, 순간, 수직으로 분사구는 14개가 있습니다. 예열시간은 15초이며 소비전력은 1,500W 입니다.",200,"/projectPhoto/가전/스팀다리미/홈플래닛 핸디형 스탠드 스팀다리미 - 다리미/상세정보.png","productImage/PROJECT_PHOTO/가전/스팀다리미/홈플래닛 핸디형 스탠드 스팀다리미 - 다리미/main.jpg","productImage/PROJECT_PHOTO/electronic/steamdar/homeplan/"
"PD_00127","오스너 아이핸디 스팀다리미 - 다리미",33550,"가전제품","핸디형 스팀다리미, 분리형 물통을 사용하며 용량은 0.28L 입니다. 열판은 세라믹 코팅이 되어있습니다. 스팀 방식에는 3단계 조절이 가능하며, 연속 스팀량은 35g입니다. 그리고 연속, 순간, 수직의 스팀방식이 있으며 분사구는 7개가 있습니다. 예열시간은 30초이며 소비전력은 1,950W 입니다.",200,"/projectPhoto/가전/스팀다리미/오스너 아이핸디 스팀다리미 - 다리미/상세정보.jpg","productImage/PROJECT_PHOTO/가전/스팀다리미/오스너 아이핸디 스팀다리미 - 다리미/main.jpg","productImage/PROJECT_PHOTO/electronic/steamdar/osner/"
"PD_00129","콘에어 초강력 핸디형 스팀다리미 - 다리미",56800,"가전제품","핸디형 스팀다리미, 분리형 물통을 사용하며 용량은 0.195L 입니다. 스팀 방식에는 3단계 조절이 가능하며 예열시간은 60초이며 소비전력은 1,200W 입니다.",200,"/projectPhoto/가전/스팀다리미/콘에어 초강력 핸디형 스팀다리미 - 다리미/상세정보.jpg","productImage/PROJECT_PHOTO/가전/스팀다리미/콘에어 초강력 핸디형 스팀다리미 - 다리미/main.jpg","productImage/PROJECT_PHOTO/electronic/steamdar/coneair/"
"PD_00011","[재구매율1위] 농장직송 꿀범벅 못난이사과 꿀사과, 옵션1, 1세트 - 사과",16410,"과일","햇사과로 고지대에서 길러 당도가 특히 높은것이 특징이며, 다른 사과와 달리 모양이 일정하지 않다.",200,"/projectPhoto/과일/사과/[재구매율1위] 농장직송 꿀범벅 못난이사과 꿀사과, 옵션1, 1세트 - 사과/상세정보.png","productImage/PROJECT_PHOTO/과일/사과/[재구매율1위] 농장직송 꿀범벅 못난이사과 꿀사과, 옵션1, 1세트 - 사과/main.jpg","productImage\PROJECT_PHOTO\fruit\apple\apple1\"
"PD_00130","한경희이지라이프 핸디형 스팀 다리미 - 다리미",36300,"가전제품","핸디형 스팀다리미, 물통 용량은 0.14L 입니다. 연속 스팀량은 26g입니다. 그리고 3단계 스팀 조절이 가능합니다. 예열시간은 30초이며 소비전력은 1,500W 입니다.",200,"/projectPhoto/가전/스팀다리미/한경희이지라이프 핸디형 스팀 다리미 - 다리미/상세정보.jpg","productImage/PROJECT_PHOTO/가전/스팀다리미/한경희이지라이프 핸디형 스팀 다리미 - 다리미/main.jpg","productImage/PROJECT_PHOTO/electronic/steamdar/hangyung/"
"PD_00131","신일 유선 프리미엄 BLDC 스탠드형 선풍기 SIF-K12TBG - 스탠드형",97110,"가전제품","스탠드형, 유선 BLDC 모터, 12단 바람, 14인치, 높이조절, 타이머, 리모컨",200,"/projectPhoto/가전/선풍기/신일 유선 프리미엄 BLDC 스탠드형 선풍기 SIF-K12TBG - 스탠드형/상세정보.jpg","productImage/PROJECT_PHOTO/가전/선풍기/신일 유선 프리미엄 BLDC 스탠드형 선풍기 SIF-K12TBG - 스탠드형/main.jpg","productImage/PROJECT_PHOTO/electronic/fan/shinil/"
"PD_00132","샤오미 스마트 무선 스탠드 선풍기2 Pro BPLDS03DM - 스탠드형",120620,"가전제품","스탠드형, 무선, BLDC 모터, 100단 풍속, 11.2인치, 높이조절, 타이머",200,"/projectPhoto/가전/선풍기/샤오미 스마트 무선 스탠드 선풍기2 Pro BPLDS03DM - 스탠드형/상세정보.jpg","productImage/PROJECT_PHOTO/가전/선풍기/샤오미 스마트 무선 스탠드 선풍기2 Pro BPLDS03DM - 스탠드형/main.jpg","productImage/PROJECT_PHOTO/electronic/fan/xiao/"
"PD_00133","유니맥스 초미풍 발터치 리모콘 선풍기 - 스탠드형",37800,"가전제품","스탠드형, 유선 , 4단 바람, 14인치, 높이조절, 타이머, 리모컨",200,"/projectPhoto/가전/선풍기/유니맥스 초미풍 발터치 리모콘 선풍기 - 스탠드형/상세정보.jpg","productImage/PROJECT_PHOTO/가전/선풍기/유니맥스 초미풍 발터치 리모콘 선풍기 - 스탠드형/main.jpg","productImage/PROJECT_PHOTO/electronic/fan/unimax/"
"PD_00134","한일전기 아기바람 터치스탑 손 대면 바로 멈추는 안전한 BLDC 선풍기 - 스탠드형",179000,"가전제품","스탠드형, 유선, 24단 바람, 14인치, 타이머, 리모컨",200,"/projectPhoto/가전/선풍기/한일전기 아기바람 터치스탑 손 대면 바로 멈추는 안전한 BLDC 선풍기 - 스탠드형/상세정보.jpg","productImage/PROJECT_PHOTO/가전/선풍기/한일전기 아기바람 터치스탑 손 대면 바로 멈추는 안전한 BLDC 선풍기 - 스탠드형/main.jpg","productImage/PROJECT_PHOTO/electronic/fan/hanil/"
"PD_00136","삼성전자 컬러 레이저 프린터 - 컬러레이저 복합기",245500,"가전제품","레이저 프린터, 컬러 지원, 해상도 2400×600dpi, 용지함 용량은 150매이다.",200,"/projectPhoto/가전/프린터/삼성전자 컬러 레이저 프린터 - 컬러레이저 복합기/상세정보.png","productImage/PROJECT_PHOTO/가전/프린터/삼성전자 컬러 레이저 프린터 - 컬러레이저 복합기/main.jpg","productImage/PROJECT_PHOTO/electronic/printer/samsung/"
"PD_00137","캐논 무한 잉크젯 복합기 G2910 - 잉크젯 복합기",149000,"가전제품","잉크젯 프린터, 스캐너 기능, 컬러 지원, 해상도 4800×1200dpi, 스캐너 해상도 600dpi",200,"/projectPhoto/가전/프린터/캐논 무한 잉크젯 복합기 G2910 - 잉크젯 복합기/상세정보.png","productImage/PROJECT_PHOTO/가전/프린터/캐논 무한 잉크젯 복합기 G2910 - 잉크젯 복합기/main.jpg","productImage/PROJECT_PHOTO/electronic/printer/canon/"
"PD_00139","HP 오피스 잉크젯 복합기 프로 9010 공기계 무칩 포함 - 잉크젯 복합기",206000,"가전제품","잉크젯 프린터, 커스텀 가능, 컬러 지원,, 해상도 4800×1200dpi, 스캐너 해상도 1200dpi, 용지함 용량은 250매이다.",200,"/projectPhoto/가전/프린터/HP 오피스 잉크젯 복합기 프로 9010 공기계 무칩 포함 - 잉크젯 복합기/상세정보.png","productImage/PROJECT_PHOTO/가전/프린터/HP 오피스 잉크젯 복합기 프로 9010 공기계 무칩 포함 - 잉크젯 복합기/main.jpg","productImage/PROJECT_PHOTO/electronic/printer/hp/"
"PD_00140","[Brother] DCP-T730DW 정품 무한잉크 복합기 - 잉크젯 복합기",299000,"가전제품","잉크젯 프린터, 스캐너 기능, 컬러 지원, 해상도는 1200×6000dpi이며, 스캐너 해상도는 1200×2400dpi이다. 용지함 용량은 150매이다.",200,"/projectPhoto/가전/프린터/[Brother] DCP-T730DW 정품 무한잉크 복합기 - 잉크젯 복합기/상세정보.jpg","productImage/PROJECT_PHOTO/가전/프린터/[Brother] DCP-T730DW 정품 무한잉크 복합기 - 잉크젯 복합기/main.jpg","productImage/PROJECT_PHOTO/electronic/printer/brother/"
"PD_00141","리빙웰 스텐 에어프라이어 대용량 16리터 AF16 - 오븐형 에어프라이어",149800,"가전제품","오븐형, 스테인리스를 사용하였으며 용량은 16L이다. 소비전력은 1700W이며 3단 트레이를 제공한다.",200,"/projectPhoto/가전/에어프라이어/리빙웰 스텐 에어프라이어 대용량 16리터 AF16 - 오븐형 에어프라이어/상세정보.jpg","productImage/PROJECT_PHOTO/가전/에어프라이어/리빙웰 스텐 에어프라이어 대용량 16리터 AF16 - 오븐형 에어프라이어/main.jpg","productImage/PROJECT_PHOTO/electronic/airfrier/livingwell/"
"PD_00143","아이닉 대용량 에어프라이어 16L + 7종 조리도구 - 오븐형 에어프라이어",159000,"가전제품","오븐형, 스테인리스를 사용하였으며 용량은 16L이다. 소비전력은 1800W이며 3단 트레이를 제공한다. 스마트 전원 차단기능이 있으며, 온도조절은 30~200도까지 가능합니다.",200,"/projectPhoto/가전/에어프라이어/아이닉 대용량 에어프라이어 16L + 7종 조리도구 - 오븐형 에어프라이어/상세정보.jpg","productImage/PROJECT_PHOTO/가전/에어프라이어/아이닉 대용량 에어프라이어 16L + 7종 조리도구 - 오븐형 에어프라이어/main.jpg","productImage/PROJECT_PHOTO/electronic/airfrier/iinic/"
"PD_00144","NBOY 에어프라이어 스마트 터치 대용량 저소음 4.7L - 오븐형 에어프라이어",44800,"가전제품","바스켓형, 논스틱코팅을 사용하였으며 용량은 6.2L입니다. 소비전력은 1400W입니다. 온도조절은 0~200도까지 입니다.",200,"/projectPhoto/가전/에어프라이어/NBOY 에어프라이어 스마트 터치 대용량 저소음 4.7L - 오븐형 에어프라이어/상세정보.png","productImage/PROJECT_PHOTO/가전/에어프라이어/NBOY 에어프라이어 스마트 터치 대용량 저소음 4.7L - 오븐형 에어프라이어/main.jpg","productImage/PROJECT_PHOTO/electronic/airfrier/nboy/"
"PD_00146","클리비오 광속 헤어드라이기 추천 전문가용 프리미엄 헤어드라이어 - 2color - 드라이어",160940,"가전제품","소비전력은 1500W이고 총 무게는 0.38KG이며 BLDC 모터를 사용했습니다. 풍속은 3단까지 조절가능 합니다.",200,"/projectPhoto/가전/헤어드라이어/클리비오 광속 헤어드라이기 추천 전문가용 프리미엄 헤어드라이어 - 2color - 드라이어/상세정보.jpg","productImage/PROJECT_PHOTO/가전/헤어드라이어/클리비오 광속 헤어드라이기 추천 전문가용 프리미엄 헤어드라이어 - 2color - 드라이어/main.jpg","productImage/PROJECT_PHOTO/electronic/hairdryer/clivio/"
"PD_00015","프레샤인 사과, 1kg(소과, 6입..., 1봉 - 사과",11500,"과일","홍로 사과로 맛은 부사보다는 단맛이 살짝 약하지만 새콤달콤한 맛이 특징이며, 가을 사과로 유명하다.",200,"/projectPhoto/과일/사과/프레샤인 사과, 1kg(소과, 6입..., 1봉 - 사과/상세정보.png","productImage/PROJECT_PHOTO/과일/사과/프레샤인 사과, 1kg(소과, 6입..., 1봉 - 사과/main.jpg","productImage/PROJECT_PHOTO/fruit/apple/apple5/"
"PD_00069","만나다 미국산 블루베리, 311g, 3팩 - 블루베리_기타베리류",7600,"과일","블루베리는 눈의 피로를 풀어주고 시력 개선에 도움을 주는 과일이다. 항산화 작용에도 도움을 준다. 미국산으로 로켓배송이 가능하다.",200,"/projectPhoto/과일/블루베리/만나다 미국산 블루베리, 311g, 3팩 - 블루베리_기타베리류/상세정보.png","productImage/PROJECT_PHOTO/과일/블루베리/만나다 미국산 블루베리, 311g, 3팩 - 블루베리_기타베리류/main.jpg","productImage/PROJECT_PHOTO/fruit/blueberry/mannada/"
"PD_00070","GAP 인증 공생 블루베리 - 블루베리_기타베리류",9960,"과일","블루베리는 눈의 피로를 풀어주고 시력 개선에 도움을 주는 과일이다. 항산화 작용에도 도움을 준다. 국내산으로 모든 과정을 꼼꼼하게 관리하고 있어 품질에 자신이 있다. 특히 GAP인증을 받았기 때문에 더욱 자신하는 것 같다.",200,"/projectPhoto/과일/블루베리/GAP 인증 공생 블루베리 - 블루베리_기타베리류/상세정보.png","productImage/PROJECT_PHOTO/과일/블루베리/GAP 인증 공생 블루베리 - 블루베리_기타베리류/main.jpg","productImage/PROJECT_PHOTO/fruit/blueberry/gap/"
"PD_00071","[굿피플] 한라봉 제주한라봉 할라봉 귤 과일, 가정용 한라봉 1k..., 1개 - 한라봉",19650,"과일","제주의 햇살을 듬뿍 받고 자란 한라봉입니다. 당도가 높아 생으로 즐기기 좋으며, 비타민 C가 풍부해 피로 회복과 피부 미용에도 도움을 줍니다. 갓 수확한 싱싱한 한라봉을 산지 직송으로 보내드립니다.",200,"/projectPhoto/과일/한라봉/[굿피플] 한라봉 제주한라봉 할라봉 귤 과일, 가정용 한라봉 1k, 1개 - 한라봉/상세정보.jpg","productImage/PROJECT_PHOTO/과일/한라봉/[굿피플] 한라봉 제주한라봉 할라봉 귤 과일, 가정용 한라봉 1k..., 1개 - 한라봉/main.jpg","productImage/PROJECT_PHOTO/fruit/orange/goodpeople/"
"PD_00072","달콤담다 제주 산지 직송 한라봉 가정용 중소 3kg 5kg 선물용 중대 3kg 5kg 고급용, 선물용 3kg중대 ..., 1개 - 한라봉",74000,"과일","일반 귤보다 당도가 월등히 높은 한라봉으로 겨울을 상큼하게 보내세요. 귤과 오렌지를 교배해 만들어 과즙이 풍부하고, 특히 비타민 C가 다량 함유되어 있어 노화 방지에도 좋습니다.",200,"/projectPhoto/과일/한라봉/달콤담다 제주 산지 직송 한라봉 가정용 중소 3kg 5kg 선물용 중대 3kg 5kg 고급용, 선물용 3kg중대 ..., 1개 - 한라봉/상세정보.png","productImage/PROJECT_PHOTO/과일/한라봉/달콤담다 제주 산지 직송 한라봉 가정용 중소 3kg 5kg 선물용 중대 3kg 5kg 고급용, 선물용 3kg중대 ..., 1개 - 한라봉/main.jpg","productImage/PROJECT_PHOTO/fruit/orange/dalkom/"
"PD_00073","순정 겨울과일 제주 한라봉 가정용, 1박스 - 혼합_기타 과일세트",15000,"과일","탐스러운 꼭지가 특징인 한라봉은 제주도의 대표적인 겨울 과일입니다. 새콤함보다 달콤함이 강하며 비타민 C가 풍부합니다. 산지에서 직접 배송하여 싱싱한 한라봉을 바로 맛보실 수 있습니다.",200,"/projectPhoto/과일/한라봉/순정 겨울과일 제주 한라봉 가정용, 1박스 - 혼합_기타 과일세트/상세정보.png","productImage/PROJECT_PHOTO/과일/한라봉/순정 겨울과일 제주 한라봉 가정용, 1박스 - 혼합_기타 과일세트/main.jpg","productImage/PROJECT_PHOTO/fruit/orange/soonjeong/"
"PD_00074","첫 출하 갓 수확한 제주 노지 감귤 비가림 하우스 귤 레드향 타이벡 노지한라봉5kg 가정용 주스용 가성비 밀감 산지직송, 가정용 한라봉 3k..., 1박스 - 귤",39900,"과일","귤과 오렌지의 황금 교배종인 한라봉! 달콤한 맛이 일품이며 신맛이 적어 남녀노소 누구나 좋아합니다. 비타민 C가 가득 담겨있어 겨울철 건강을 지키는 데 도움을 줍니다.",200,"/projectPhoto/과일/한라봉/첫 출하 갓 수확한 제주 노지 감귤 비가림 하우스 귤 레드향 타이벡 노지한라봉5kg 가정용 주스용 가성비 밀감 산지직송, 가정용 한라봉 3k..., 1박스 - 귤/상세정보.png","productImage/PROJECT_PHOTO/과일/한라봉/첫 출하 갓 수확한 제주 노지 감귤 비가림 하우스 귤 레드향 타이벡 노지한라봉5kg 가정용 주스용 가성비 밀감 산지직송, 가정용 한라봉 3k..., 1박스 - 귤/main.jpg","productImage/PROJECT_PHOTO/fruit/orange/chotchoolha/"
"PD_00075","효돈 하효농장 한라봉 가정용 산지직송 고당도 천혜향 할라봉 5Kg, 한라봉 5kg, 1개 - 한라봉",46800,"과일","제주도의 겨울을 대표하는 과일, 한라봉입니다. 귤과 오렌지의 장점만을 모아 만든 품종으로, 일반 귤보다 훨씬 높은 당도와 적은 신맛이 특징입니다. 비타민 C가 풍부해 건강에도 좋습니다.",200,"/projectPhoto/과일/한라봉/효돈 하효농장 한라봉 가정용 산지직송 고당도 천혜향 할라봉 5Kg, 한라봉 5kg, 1개 - 한라봉/상세정보.png","productImage/PROJECT_PHOTO/과일/한라봉/효돈 하효농장 한라봉 가정용 산지직송 고당도 천혜향 할라봉 5Kg, 한라봉 5kg, 1개 - 한라봉/main.jpg","productImage/PROJECT_PHOTO/fruit/orange/hyodon/"
"PD_00077","TCL 대용량 스마트 제습기",254150,"가전제품","공기 중 습기를 제거하여 실내를 쾌적하게 유지해주는 가전제품이다. 물통용량은 7.1L이고, 에너지소비효율은 3등급으로 소비전력은 946W이다. 크기는 383×610×268mm 이다. ",200,"/projectPhoto/가전/제습기/TCL 대용량 스마트 제습기 33.6L - 가정용 _ 쿠팡/상세정보.jpg","productImage/PROJECT_PHOTO/가전/제습기/TCL 대용량 스마트 제습기 33.6L - 가정용 _ 쿠팡/main.jpg","productImage/PROJECT_PHOTO/electronic/jaeseup/tcl/"
"PD_00078","위닉스 21L 인버터 제습기 DXWE210-NGK ",410140,"가전제품","공기 중 습기를 제거하여 실내를 쾌적하게 유지해주는 가전제품이다. 물통크기는 6.5L이고, 에너지 효율은 1등급으로 소비전력은 275W이다. 크기는 355×322×616mm이다.",200,"/projectPhoto/가전/제습기/위닉스 뽀송 DO2E160-JWK - 에누리 가격비교/상세정보.jpg","productImage/PROJECT_PHOTO/가전/제습기/위닉스 뽀송 DO2E160-JWK - 에누리 가격비교/main.jpg","productImage/PROJECT_PHOTO/electronic/jaeseup/winix/"
"PD_00079","롯데알미늄 2023 NEW 에코제트 공기정화 제습기 WIFI",209000,"가전제품","공기 중 습기를 제거하여 실내를 쾌적하게 유지해주는 가전제품이다. 물통 크기는 2L이고, 에너지 효율은 3등급으로 소비전력은 162W이다. 크기는 305×235×495mm이다.",200,"/projectPhoto/가전/제습기/롯데알미늄 2023 NEW 에코제트 공기정화 제습기 WIFI - 가정용 _ 쿠팡/상세정보.jpg","productImage/PROJECT_PHOTO/가전/제습기/롯데알미늄 2023 NEW 에코제트 공기정화 제습기 WIFI - 가정용 _ 쿠팡/main.jpg","productImage/PROJECT_PHOTO/electronic/jaeseup/lotte/"
"PD_00080","신일 제습기 20L 대용량 SDH-S530IF _ 북유럽 감성 디자인 _ 2025년 최신형 - 가정용",242100,"가전제품","공기 중 습기를 제거하여 실내를 쾌적하게 유지해주는 가전제품이다. 물통 크기는 4.5L이고, 에너지 효율은 3등급으로 소비전력은 250W이다. 크기는 305×235×495mm이다.",200,"/projectPhoto/가전/제습기/신일 제습기 20L 대용량 SDH-S530IF _ 북유럽 감성 디자인 _ 2025년 최신형 - 가정용/상세정보.png","productImage/PROJECT_PHOTO/가전/제습기/신일 제습기 20L 대용량 SDH-S530IF _ 북유럽 감성 디자인 _ 2025년 최신형 - 가정용/main.jpg","productImage/PROJECT_PHOTO/electronic/jaeseup/shilin/"
"PD_00061","자연미가 고당도 골드파인애플 1박스 6~12입, 5.파인애플10입내..., 1박스 - 파인애플",29800,"과일","달콤한 맛과 향이 일품인 골드 파인애플입니다. 일반 파인애플보다 당도가 높고 신맛이 적으며, 비타민 C가 풍부하여 건강에 도움을 줍니다. 필리핀에서 생산된 프리미엄 품종으로, 육류 관련 소화에도 도움을 줍니다.",200,"/projectPhoto/과일/파인애플/자연미가 고당도 골드파인애플 1박스 6~12입, 5.파인애플10입내..., 1박스 - 파인애플/상세정보.png","productImage/PROJECT_PHOTO/과일/파인애플/자연미가 고당도 골드파인애플 1박스 6~12입, 5.파인애플10입내..., 1박스 - 파인애플/main.jpg","productImage/PROJECT_PHOTO/fruit/pineapple/jayeonmiga/"
"PD_00068","[푸릇푸릇후르츠]새콤달콤 국산 생 블루베리 산지 바로배송, 대과 100g, 2개 - 블루베리",15900,"과일","블루베리는 눈의 피로를 풀어주고 시력 개선에 도움을 주는 과일이다. 항산화 작용에도 도움을 준다. 국내산으로 모든 과정을 꼼꼼하게 관리하고 있어 품질에 자신이 있다.",200,"/projectPhoto/과일/블루베리/[푸릇푸릇후르츠]새콤달콤 국산 생 블루베리 산지 바로배송, 대과 100g, 2개 - 블루베리/상세정보.png","productImage/PROJECT_PHOTO/과일/블루베리/[푸릇푸릇후르츠]새콤달콤 국산 생 블루베리 산지 바로배송, 대과 100g, 2개 - 블루베리/main.jpg","productImage/PROJECT_PHOTO/fruit/blueberry/fruts/"
"PD_00086","신일 와이드 전기그릴 특대형 세트",89000,"가전제품","크기는 770×310×90mm이고, 소비전력은 1,700W 이다. 다이아몬드 코팅이 되어있어 눌러붙지 않고, 높이조절이 가능하며 5단계 온도 조절 장치가 있다.",200,"/projectPhoto/가전/전기그릴/신일 와이드 전기그릴 특대형 세트 - 전기그릴_팬 _ 쿠팡/상세정보.jpg","productImage/PROJECT_PHOTO/가전/전기그릴/신일 와이드 전기그릴 특대형 세트 - 전기그릴_팬 _ 쿠팡/main.jpg","productImage/PROJECT_PHOTO/electronic/grill/shinil/"
"PD_00100","한일전기 에어미스트 스팀팟 올클린 스텐 가열식 가습기",159000,"가전제품","사이즈는 276×228×295mm이며 소비전력은 800W 이다. 물통 용량은 3L이다. 습도조절, 자동안전잠금이 있다.",200,"/projectPhoto/가전/가습기/한일전기 에어미스트 스팀팟 올클린 스텐 가열식 가습기 - 가습기_에어워셔 _ 쿠팡/상세정보.jpg","productImage/PROJECT_PHOTO/가전/가습기/한일전기 에어미스트 스팀팟 올클린 스텐 가열식 가습기 - 가습기_에어워셔 _ 쿠팡/main.jpg","productImage/PROJECT_PHOTO/electronic/gas/hanil/"
"PD_00114","녹스 커스텀키보드 기계식 LED 광축 방수 게이밍 키보드추천 PBT 유선키보드 - 유선키보드 ",129000,"가전제품","USB 유선 키보드, 액체 유입 대비 설계, 내구성이 강함, 실리콘 키스킨 제공",200,"/projectPhoto/가전/키보드/녹스 커스텀키보드 기계식 LED 광축 방수 게이밍 키보드추천 PBT 유선키보드 - 유선키보드/상세정보.png","productImage/PROJECT_PHOTO/가전/키보드/녹스 커스텀키보드 기계식 LED 광축 방수 게이밍 키보드추천 PBT 유선키보드 - 유선키보드/main.jpg","productImage/PROJECT_PHOTO/electronic/keyboard/nox/"
"PD_00125","맥스틸 게이밍 유선마우스 TRON G10PRO Reborn Matt",26150,"가전제품","무선, 14,400dpi, 충전 방식(USB-C),  전용 동글, 광마우스, 전용 소프트웨어 지원",200,"/projectPhoto/가전/마우스/맥스틸 게이밍 유선마우스 TRON G10PRO Reborn Matt - 유선마우스 _ 쿠팡/상세정보.jpg","productImage/PROJECT_PHOTO/가전/마우스/맥스틸 게이밍 유선마우스 TRON G10PRO Reborn Matt - 유선마우스 _ 쿠팡/main.jpg","productImage/PROJECT_PHOTO/electronic/mouse/maksteel/"
"PD_00135","삼성전자 스탠드형 5엽 선풍기 화이트 SFN-X35GKWH - 스탠드형",70000,"가전제품","스탠드형, 유선, AC모터, 4단바람, 14인치, 높이조절, 타이머",200,"/projectPhoto/가전/선풍기/삼성전자 스탠드형 5엽 선풍기 화이트 SFN-X35GKWH - 스탠드형/상세정보.jpg","productImage/PROJECT_PHOTO/가전/선풍기/삼성전자 스탠드형 5엽 선풍기 화이트 SFN-X35GKWH - 스탠드형/main.jpg","productImage/PROJECT_PHOTO/electronic/fan/samsung/"
"PD_00152","가지 국내산 특품 햇 가지 2kg  국내산 ",11200,"야채","가지는 항산화에 도움을 주는 대표적인 야채입니다. 또한 칼륨이 풍부하여 나트륨의 배출도 돕습니다. 국내산으로 직접 재배한 가지를 가장 빠르게 배송합니다.",200,"/projectPhoto/야채/가지/가지 국내산 특품 햇 가지 2kg 5kg, 국내산 가지 - (..., 1개 - 가지 _ 쿠팡/상세정보.png","productImage/PROJECT_PHOTO/야채/가지/가지 국내산 특품 햇 가지 2kg 5kg, 국내산 가지 - (..., 1개 - 가지 _ 쿠팡/main.jpg","productImage/PROJECT_PHOTO/vegetable/eggplant/gajiteukpoom/"
"PD_00164","강원도 고랭지 햇 무 5kg",27000,"야채","무우는 소화를 비타민 C와 식이섬유가 풍부합니다. 강원도 고랭지에서 직접 재배한 햇무를 배송해드리고 있습니다. 다른 어떤 무우들보다 더 높은 품질과 만족을 자신합니다.",200,"/projectPhoto/야채/무우/강원도 고랭지 햇 무 5kg - 무 _ 쿠팡/상세정보.png","productImage/PROJECT_PHOTO/야채/무우/강원도 고랭지 햇 무 5kg - 무 _ 쿠팡/main.jpg","productImage/PROJECT_PHOTO/vegetable/moo/hatmoo5kg/"
"PD_00180","맑은물에 아삭통통 숙주나물, 2kg, 1박스",19000,"야채","아삭하고 신선한 식감을 자랑하는 수입산 숙주나물입니다. 비타민B6와 비타민C, 그리고 아스파라긴산이 풍부하게 들어있어 면역력 증진 및 숙취 해소에 도움을 줍니다. 누구보다 빠르게 아침일찍 배송해드립니다.",200,"/projectPhoto/야채/숙주나물/맑은물에 아삭통통 숙주나물, 2kg, 1박스 - 숙주나물 _ 쿠팡/상세정보.png","productImage/PROJECT_PHOTO/야채/숙주나물/맑은물에 아삭통통 숙주나물, 2kg, 1박스 - 숙주나물 _ 쿠팡/main.jpg","productImage/PROJECT_PHOTO/vegetable/sookjoo/asak/"
"PD_00197","국내산 우엉, 500g, 1개",4420,"야채","우엉에는 식이섬유가 풍부하여 장 건강과 배변활동에 도움을 줍니다. 국내산 우엉을 가장 빠르게 배송해드립니다.",200,"/projectPhoto/야채/우엉/국내산 우엉, 500g, 1개 - 우엉 _ 쿠팡/상세정보.png","productImage/PROJECT_PHOTO/야채/우엉/국내산 우엉, 500g, 1개 - 우엉 _ 쿠팡/main.jpg","productImage/PROJECT_PHOTO/vegetable/wooueng/500g/"
"PD_00209","국내산 적겨자, 70g, 1개 ",2350,"야채","적겨자는 쌈 채소중 하나로 항산화에 도움을 주는 야채입니다. 신선한 적겨자를 누구보다 빠르게 보내드립니다.",200,"/projectPhoto/야채/적겨자(겨자채)/국내산 적겨자, 70g, 1개 - 기타 쌈채소 _ 쿠팡/상세정보.png","productImage/PROJECT_PHOTO/야채/적겨자(겨자채)/국내산 적겨자, 70g, 1개 - 기타 쌈채소 _ 쿠팡/main.jpg","productImage/PROJECT_PHOTO/vegetable/mustardgrass/gooknae70g/"
"PD_00220","팽이버섯,팽이버섯 벌크,갈색 팽이버섯,업소용 팽이버섯,못난이 팽이버섯,팽이버섯",7900,"야채","팽이버섯은 식이섬유 함량이 높아 변비 예방에 탁월하며 베타 글루칸도 풍부하여 면역령 향상에 도움을 줍니다. 최첨단 시설을 이용하여 키워낸 좋은 품질의 팽이버섯을 보내드립니다.",200,"/projectPhoto/야채/팽이버섯/팽이버섯,팽이버섯 벌크,갈색 팽이버섯,업소용 팽이버섯,못난이 팽이버섯,팽이버섯 차 _ 야채삼촌/상세정보.png","productImage/PROJECT_PHOTO/야채/팽이버섯/팽이버섯,팽이버섯 벌크,갈색 팽이버섯,업소용 팽이버섯,못난이 팽이버섯,팽이버섯 차 _ 야채삼촌/main.jpg","productImage/PROJECT_PHOTO/vegetable/topmushroom/uncle/"
"PD_00225","프리미엄 전라도 무안 못난이 표고버섯, 1kg (못난이), 1박스",9800,"야채","표고버섯은 면역력을 강화하고 항암 작용에 효과가 있는 야채입니다. 전라남도 무안에서 정성껏 키운 표고버섯을 보내드립니다.",200,"/projectPhoto/야채/표고버섯/프리미엄 전라도 무안 못난이 표고버섯, 1kg (못난이), 1박스 - 표고버섯 _ 쿠팡/상세정보.png","productImage/PROJECT_PHOTO/야채/표고버섯/프리미엄 전라도 무안 못난이 표고버섯, 1kg (못난이), 1박스 - 표고버섯 _ 쿠팡/main.jpg","productImage/PROJECT_PHOTO/vegetable/pyogo/premieum/"
"PD_00026","[피쉬데이] 첫수확 햇배 나주배 원황배 신고배 가정용 _ 정품, 신고배 가정용-중소..., 1개 - 배 ",21900,"과일","배에는 수분이 많고 영양소가 풍부해 갈증해소, 소화 촉진, 피로 해소, 숙취 해소에 도움을 준다. 원황배는 한국에서 개발된 품종으로 나주에서 생산된 것이 특히 인기가 많으며 추석 전에 수확하는 조생종으로 달콤한 맛에 은은한 신맛이 특징이지만 구매후 최대한 빨리 먹어야 한다.",200,"/projectPhoto/과일/배/[피쉬데이] 첫수확 햇배 나주배 원황배 신고배 가정용 _ 정품, 신고배 가정용-중소..., 1개 - 배/상세정보.png","productImage/PROJECT_PHOTO/과일/배/[피쉬데이] 첫수확 햇배 나주배 원황배 신고배 가정용 _ 정품, 신고배 가정용-중소..., 1개 - 배/main.jpg","productImage/PROJECT_PHOTO/fruit/pear/fishday/"
"PD_00041","[직접포장배송] 후무사 자두 자두의여왕 자두덕후라면 무조건 산지직송 꿀맛보장 한입에 여름을 피자두 추희 노지자두 수박자두, 후무사_2kg_55..., 1박스 - 자두",13860,"과일","새콤달콤한 맛이 일품인 여름 대표 과일, 후무사 자두입니다. 비타민 A, C, K가 풍부하고 식이섬유가 많아 변비 예방에 탁월한 건강 과일입니다.",200,"/projectPhoto/과일/자두/[직접포장배송] 후무사 자두 자두의여왕 자두덕후라면 무조건 산지직송 꿀맛보장 한입에 여름을 피자두 추희 노지자두 수박자두, 후무사_2kg_55..., 1박스 - 자두/상세정보.png","productImage/PROJECT_PHOTO/과일/자두/[직접포장배송] 후무사 자두 자두의여왕 자두덕후라면 무조건 산지직송 꿀맛보장 한입에 여름을 피자두 추희 노지자두 수박자두, 후무사_2kg_55..., 1박스 - 자두/main.jpg","productImage/PROJECT_PHOTO/fruit/plum/jikjeob/"
"PD_00050","더맛곳간 GAP인증 국산 생 무화과 과일 홍무화과 생과 해남, 1kg, 1개 - 무화과 ",21900,"과일","무화과는 장 건강 및 피로 개선, 항산화 작용이 뛰어나다. 또한 잼이나 샐러드 등에 곁들어 먹을 수도 있다. GAP 인증을 통해 건강하고 안전하게 키운 무화과를 판매한다.",200,"/projectPhoto/과일/무화과/더맛곳간 GAP인증 국산 생 무화과 과일 홍무화과 생과 해남, 1kg, 1개 - 무화과/상세정보.png","productImage/PROJECT_PHOTO/과일/무화과/더맛곳간 GAP인증 국산 생 무화과 과일 홍무화과 생과 해남, 1kg, 1개 - 무화과/main.jpg","productImage/PROJECT_PHOTO/fruit/fig/thematgotgan/"
"PD_00054","_제주빛가람_성주 참외 산지직송 달콤한 꿀 참외, 5kg (정품) 로..., 1박스 - 참외",30420,"과일","성주에서도 품질이 좋기로 유명한 용암 참외입니다. 달콤하고 시원한 맛은 물론, 풍부한 수분과 비타민 C가 가득 담겨 있어 온 가족이 함께 즐기기 좋습니다.",200,"/projectPhoto/과일/참외/_제주빛가람_성주 참외 산지직송 달콤한 꿀 참외, 5kg (정품) 로..., 1박스 - 참외/상세정보.png","productImage/PROJECT_PHOTO/과일/참외/_제주빛가람_성주 참외 산지직송 달콤한 꿀 참외, 5kg (정품) 로..., 1박스 - 참외/main.jpg","productImage/PROJECT_PHOTO/fruit/chamoe/jeju/"
"PD_00088","[국내최초 m자 열선] 몽비오스 국산 다이아몬드 코팅 61cm 대형 사각 프리미엄 잔치팬, DW-1000MOS,",78900,"가전제품","크기는 600×510×110mm이고, 소비전력은 1,350W 이다. 다이아몬드 코팅이 되어있어 눌러붙지 않고, 높이조절이 가능하다. 5단계 온도 조절 장치가 있다.",200,"/projectPhoto/가전/전기그릴/[국내최초 m자 열선] 몽비오스 국산 다이아몬드 코팅 61cm 대형 사각 프리미엄 잔치팬 - 전기팬 _ 쿠팡/상세정보.jpg","productImage/PROJECT_PHOTO/가전/전기그릴/[국내최초 m자 열선] 몽비오스 국산 다이아몬드 코팅 61cm 대형 사각 프리미엄 잔치팬 - 전기팬 _ 쿠팡/main.jpg","productImage/PROJECT_PHOTO/electronic/grill/mongbi/"
"PD_00094","키첸 초고속 진공 블렌더 KCBL100",742800,"가전제품","사이즈는 267×199×508mm이고, 무게는 6.5kg이며 소비전력은 1,500W 이다. 비대칭 입체 칼날 사용, 최대용량은 1.5L이다. 진공기능과 가열기능및 자동세척기능이 있다.",200,"/projectPhoto/가전/믹서기/키첸 초고속 진공 블렌더 KCBL100 - 초고속블렌더 _ 쿠팡/상세정보.jpg","productImage/PROJECT_PHOTO/가전/믹서기/키첸 초고속 진공 블렌더 KCBL100 - 초고속블렌더 _ 쿠팡/main.jpg","productImage/PROJECT_PHOTO/electronic/mixer/kitchen/"
"PD_00156","국내산 흙당근, 1kg, 1개",16000,"야채","국내산으로 정성껏 재배하여 직접 배송해 드리는 당근입니다. 비타민 A와 항산화 성분이 풍부하여 눈 건강에 좋으며, 흙이 자연스러운 보호막 역할을 하여 씻은 당근보다 오래 보관할 수 있습니다.",200,"/projectPhoto/야채/당근/국내산 흙당근, 1kg, 1개 - 당근 _ 쿠팡/상세정보.png","productImage/PROJECT_PHOTO/야채/당근/국내산 흙당근, 1kg, 1개 - 당근 _ 쿠팡/main.jpg","productImage/PROJECT_PHOTO/vegetable/carrot/carrot1kg/"
"PD_00160","국내산 햇 흙 당근, 5kg(중), 1개 ",41500,"야채","청정한 제주에서 정성껏 재배한 당근을 산지에서 직접 배송해 드립니다. 비타민 A가 풍부해 눈 건강에 탁월하며, 항산화 작용으로 건강한 생활을 돕는 야채입니다.",200,"/projectPhoto/야채/당근/국내산 햇 흙 당근, 5kg(중), 1개 - 당근 _ 쿠팡/상세정보.png","productImage/PROJECT_PHOTO/야채/당근/국내산 햇 흙 당근, 5kg(중), 1개 - 당근 _ 쿠팡/main.jpg","productImage/PROJECT_PHOTO/vegetable/carrot/hatcarrot/"
"PD_00184","국내산 생 아스파라거스 강원 양구 당일수확, 500g, 1개",13000,"야채","아스파라거스는 비타민 K가 풍부하여 뼈 건강에 도움을 줍니다.  강원도 양구에서 당일 수확한 아스파라거스를 보내드립니다. 신선한 아스파라거스를 경험해보세요.",200,"/projectPhoto/야채/아스파라거스/국내산 생 아스파라거스 강원 양구 당일수확, 500g, 1개 - 아스파라거스 _ 쿠팡/상세정보.png","productImage/PROJECT_PHOTO/야채/아스파라거스/국내산 생 아스파라거스 강원 양구 당일수확, 500g, 1개 - 아스파라거스 _ 쿠팡/main.jpg","productImage/PROJECT_PHOTO/vegetable/aspara/kangwon/"
"PD_00188","[국내산 특품] 적양배추 빨간양배추 적채 보라색 양배추, 4kg, 1박스",35000,"야채","적양배추는 일반 양배추보다 더 많은 영양소를 가지고 있습니다. 국내에서 정성스럽게 재배한 양배추를 당일 수확하여 보내드리고 있습니다.",200,"/projectPhoto/야채/양배추/[국내산 특품] 적양배추 빨간양배추 적채 보라색 양배추, 4kg, 1박스 - 양배추 _ 쿠팡/상세정보.png","productImage/PROJECT_PHOTO/야채/양배추/[국내산 특품] 적양배추 빨간양배추 적채 보라색 양배추, 4kg, 1박스 - 양배추 _ 쿠팡/main.jpg","productImage/PROJECT_PHOTO/vegetable/cabbage/teukpoom/"
"PD_00191","작아도 맛있는 양배추",5900,"야채","양배추는 비타민 U와 K가 풍부하여 위장 건강에 좋은 야채입니다. 조금 작은 사이즈지만 작아도 맛있는 양배추를 보내드립니다.",200,"/projectPhoto/야채/양배추/작아도 맛있는 양배추 - 양배추 _ 쿠팡/상세정보.png","productImage/PROJECT_PHOTO/야채/양배추/작아도 맛있는 양배추 - 양배추 _ 쿠팡/main.jpg","productImage/PROJECT_PHOTO/vegetable/cabbage/small/"
"PD_00192","국내산 양파 청년농부 정경석 햇양파, 특소 3KG, 1박스",32000,"야채","양파는 퀘르세틴과 크롬이 풍부하여 항산화와 혈당 조절에 도움을 줍니다. 저희는 좋은 양파만 직접 골라서 보내드립니다.",200,"/projectPhoto/야채/양파/국내산 양파 청년농부 정경석 햇양파, 특소 3KG, 1박스 - 양파 _ 쿠팡/상세정보.png","productImage/PROJECT_PHOTO/야채/양파/국내산 양파 청년농부 정경석 햇양파, 특소 3KG, 1박스 - 양파 _ 쿠팡/main.jpg","productImage/PROJECT_PHOTO/vegetable/onion/mannong/"
"PD_00193","국내산 친환경 양파, 800g, 1개",7500,"야채","양파는 퀘르세틴과 크롬이 풍부하여 항산화와 혈당 조절에 도움을 줍니다  친환경 농법으로 재배한 양파를 직접 보내드립니다.",200,"/projectPhoto/야채/양파/국내산 친환경 양파, 800g, 1개 - 양파 _ 쿠팡/상세정보.png","productImage/PROJECT_PHOTO/야채/양파/국내산 친환경 양파, 800g, 1개 - 양파 _ 쿠팡/main.jpg","productImage/PROJECT_PHOTO/vegetable/onion/chinhwan/"
"PD_00194","창녕 깐양파, 500g, 1개",7300,"야채","양파는 퀘르세틴과 크롬이 풍부하여 항산화와 혈당 조절에 도움을 줍니다. 저희는 양파를 골라 손질하여 직접 보내드립니다.",200,"/projectPhoto/야채/양파/창녕 깐양파, 500g, 1개 - 양파 _ 쿠팡/상세정보.png","productImage/PROJECT_PHOTO/야채/양파/창녕 깐양파, 500g, 1개 - 양파 _ 쿠팡/main.jpg","productImage/PROJECT_PHOTO/vegetable/onion/changnyung/"
"PD_00195","탐나유 국내산 무안 양파 햇양파, 5kg (대), 1개",39000,"야채","양파는 퀘르세틴과 크롬이 풍부하여 항산화와 혈당 조절에 도움을 줍니다.  직접 키운 양파를 보내드립니다. 양파를 크기별로 준비하여 판매하고 있으니 판매자는 크기에 유의하여 구매해주시기 바랍니다.",200,"/projectPhoto/야채/양파/탐나유 국내산 무안 양파 햇양파, 5kg (대), 1개 - 양파 _ 쿠팡/상세정보.png","productImage/PROJECT_PHOTO/야채/양파/탐나유 국내산 무안 양파 햇양파, 5kg (대), 1개 - 양파 _ 쿠팡/main.jpg","productImage/PROJECT_PHOTO/vegetable/onion/tamnayou/"
"PD_00196","[울팜] 국내산 아삭 달달 단단한 창녕 양파, 양파(대) 5kg, 1개",37700,"야채","양파는 퀘르세틴과 크롬이 풍부하여 항산화와 혈당 조절에 도움을 줍니다.  직접 키운 양파를 보내드립니다. 양파를 크기별로 준비하여 판매하고 있으니 판매자는 크기에 유의하여 구매해주시기 바랍니다.",200,"/projectPhoto/야채/양파/[울팜] 국내산 아삭 달달 단단한 창녕 양파, 양파(대) 5kg, 1개 - 양파 _ 쿠팡/상세정보.png","productImage/PROJECT_PHOTO/야채/양파/[울팜] 국내산 아삭 달달 단단한 창녕 양파, 양파(대) 5kg, 1개 - 양파 _ 쿠팡/main.jpg","productImage/PROJECT_PHOTO/vegetable/onion/woolparm/"
"PD_00198","안동 생우엉 햇 우엉 4kg",17000,"야채","우엉에는 식이섬유가 풍부하여 장 건강과 배변활동에 도움을 줍니다. 안동에서 재배한 우엉을 산지에서 직접 배송해드리고 있습니다.",200,"/projectPhoto/야채/우엉/안동 생우엉 햇 우엉 4kg - 우엉 _ 쿠팡/상세정보.png","productImage/PROJECT_PHOTO/야채/우엉/안동 생우엉 햇 우엉 4kg - 우엉 _ 쿠팡/main.jpg","productImage/PROJECT_PHOTO/vegetable/wooueng/andong/"
"PD_00199","[미식한가] 국내산 생우엉 4kg(반찬용~특상품)",18000,"야채","우엉에는 식이섬유가 풍부하여 장 건강과 배변활동에 도움을 줍니다. 낙동강 유역에 우엉을 키우는 유명한 곳에서 공수후 엄격히 선발된 우엉만을 보내드립니다.",200,"/projectPhoto/야채/우엉/[미식한가] 국내산 생우엉 4kg(반찬용~특상품) - 우엉 _ 쿠팡/상세정보.png","productImage/PROJECT_PHOTO/야채/우엉/[미식한가] 국내산 생우엉 4kg(반찬용~특상품) - 우엉 _ 쿠팡/main.jpg","productImage/PROJECT_PHOTO/vegetable/wooueng/misik/"
"PD_00200","[영파머스몰]부용농산 국내산 햇 우엉마캐는 젊은농부들",12000,"야채","우엉에는 식이섬유가 풍부하여 장 건강과 배변활동에 도움을 줍니다. GAP 인증을 받은 제품이라서 더욱 깨끗하고 안전한 우엉이니 안심하고 구매해주시면 됩니다.",200,"/projectPhoto/야채/우엉/[영파머스몰]부용농산 국내산 햇 우엉마캐는 젊은농부들 - 우엉 _ 쿠팡/상세정보.png","productImage/PROJECT_PHOTO/야채/우엉/[영파머스몰]부용농산 국내산 햇 우엉마캐는 젊은농부들 - 우엉 _ 쿠팡/main.jpg","productImage/PROJECT_PHOTO/vegetable/wooueng/young/"
"PD_00201","국내산 안동 햇 우엉 산지직송 생우엉, 알뜰형(굵은것) 1개",11000,"야채","우엉에는 식이섬유가 풍부하여 장 건강과 배변활동에 도움을 줍니다. 안동에서 재배한 우엉을 산지에서 직접 배송해드리고 있습니다.",200,"/projectPhoto/야채/우엉/국내산 안동 햇 우엉 산지직송 생우엉, 알뜰형(굵은것) 2..., 1개 - 우엉 _ 쿠팡/상세정보.png","productImage/PROJECT_PHOTO/야채/우엉/국내산 안동 햇 우엉 산지직송 생우엉, 알뜰형(굵은것) 2..., 1개 - 우엉 _ 쿠팡/main.jpg","productImage/PROJECT_PHOTO/vegetable/wooueng/andongsanji/"
"PD_00202","삼시세끼연구소 아삭달큰 미니 오이 스낵오이, 2000g, 1박스",19000,"야채","오이는 수분이 많아서 체내 수분을 보충하고 갈증을 해소하는데 탁월한 야채입니다. 미니오이는 일반 오이보다 쓴맛이 적고 단맛이 더 강하게 납니다. 이 귀한 미니오이를 직접 심고 키워서 보내드립니다.",200,"/projectPhoto/야채/오이/삼시세끼연구소 아삭달큰 미니 오이 스낵오이, 2000g, 1박스 - 오이 _ 쿠팡/상세정보.png","productImage/PROJECT_PHOTO/야채/오이/삼시세끼연구소 아삭달큰 미니 오이 스낵오이, 2000g, 1박스 - 오이 _ 쿠팡/main.jpg","productImage/PROJECT_PHOTO/vegetable/oi/samsi/"
"PD_00203","아삭아삭 국내산 백오이 못난이 특, 10kg(못난이), 1개",44000,"야채","오이는 수분이 많아서 체내 수분을 보충하고 갈증을 해소하는데 탁월한 야채입니다. 백오이는 일반 오이보다 수분 함유량이 적은 대신 육질이 단단하여 아삭한 식감이 나는 오이입니다. 그러기에 오이 소박이 요리에 많이 사용합니다. 직접 재배한 백오이를 보내드립니다.",200,"/projectPhoto/야채/오이/아삭아삭 국내산 백오이 못난이 특, 10kg(못난이), 1개 - 오이 _ 쿠팡/상세정보.png","productImage/PROJECT_PHOTO/야채/오이/아삭아삭 국내산 백오이 못난이 특, 10kg(못난이), 1개 - 오이 _ 쿠팡/main.jpg","productImage/PROJECT_PHOTO/vegetable/oi/asakasak/"
"PD_00205","[동네청과] 당일수확 산지직송 특상품 오이 취청오이",15000,"야채","오이는 수분이 많아서 체내 수분을 보충하고 갈증을 해소하는데 탁월한 야채입니다. 취청오이는 우리가 알고 있는 오이의 품종입니다. 공판장에서 특상품으로 인정받는 오이만을 선별하여 보내드립니다. ",200,"/projectPhoto/야채/오이/[동네청과] 당일수확 산지직송 특상품 오이 취청오이 - 오이 _ 쿠팡/상세정보.png","productImage/PROJECT_PHOTO/야채/오이/[동네청과] 당일수확 산지직송 특상품 오이 취청오이 - 오이 _ 쿠팡/main.jpg","productImage/PROJECT_PHOTO/vegetable/oi/villeage/"
"PD_00206","국내산 백오이, 5개입, 1개",12500,"야채","오이는 수분이 많아서 체내 수분을 보충하고 갈증을 해소하는데 탁월한 야채입니다. 백오이는 일반 오이보다 수분 함유량이 적은 대신 육질이 단단하여 아삭한 식감이 나는 오이입니다. 그러기에 오이 소박이 요리에 많이 사용합니다. 직접 재배한 백오이를 보내드립니다.",200,"/projectPhoto/야채/오이/국내산 백오이, 5개입, 1개 - 오이 _ 쿠팡/상세정보.png","productImage/PROJECT_PHOTO/야채/오이/국내산 백오이, 5개입, 1개 - 오이 _ 쿠팡/main.jpg","productImage/PROJECT_PHOTO/vegetable/oi/whiteoi/"
"PD_00207","적겨자 1kg 겨자잎 쌈채소",14000,"야채","적겨자는 쌈 채소중 하나로 항산화에 도움을 주는 야채입니다. 국내산 신선한 적겨자를 보내드립니다.",200,"/projectPhoto/야채/적겨자(겨자채)/적겨자 1kg 겨자잎 쌈채소 - 기타 쌈채소 _ 쿠팡/상세정보.png","productImage/PROJECT_PHOTO/야채/적겨자(겨자채)/적겨자 1kg 겨자잎 쌈채소 - 기타 쌈채소 _ 쿠팡/main.jpg","productImage/PROJECT_PHOTO/vegetable/mustardgrass/1kg/"
"PD_00208","클릭마켓 국내산 적겨자 겨자잎, 1kg, 1개",15000,"야채","적겨자는 쌈 채소중 하나로 항산화에 도움을 주는 야채입니다. 정말 맛있는 국내산 적겨자를 보내드립니다.",200,"/projectPhoto/야채/적겨자(겨자채)/클릭마켓 국내산 적겨자 겨자잎, 1kg, 1개 - 기타 쌈채소 _ 쿠팡/상세정보.png","productImage/PROJECT_PHOTO/야채/적겨자(겨자채)/클릭마켓 국내산 적겨자 겨자잎, 1kg, 1개 - 기타 쌈채소 _ 쿠팡/main.jpg","productImage/PROJECT_PHOTO/vegetable/mustardgrass/clickmarket/"
"PD_00210","싱싱한 적겨자 500g 1kg, 적겨자500g, 1개 ",8300,"야채","적겨자는 쌈 채소중 하나로 항산화에 도움을 주는 야채입니다. 국내산 우수한 품질의 적겨자를 보내드립니다.",200,"/projectPhoto/야채/적겨자(겨자채)/싱싱한 적겨자 500g 1kg, 적겨자500g, 1개 - 기타 쌈채소 _ 쿠팡/상세정보.png","productImage/PROJECT_PHOTO/야채/적겨자(겨자채)/싱싱한 적겨자 500g 1kg, 적겨자500g, 1개 - 기타 쌈채소 _ 쿠팡/main.jpg","productImage/PROJECT_PHOTO/vegetable/mustardgrass/singsing/"
"PD_00211","_ 오일장 상회 _ 국내산 30박스한정행사 적겨자 2kg 4kg내외, 1.8kg~2kg, 1박스",17000,"야채","적겨자는 쌈 채소중 하나로 항산화에 도움을 주는 야채입니다. 특별히 좋은 것으로만 엄선한 것들로 신선하게 보관하고 있는 중인 적겨자를 빠르게 보내드립니다.",200,"/projectPhoto/야채/적겨자(겨자채)/_ 오일장 상회 _ 국내산 30박스한정행사 적겨자 2kg 4kg내외, 1.8kg~2kg, 1박스 - 기타뿌리채소 _ 쿠팡/상세정보.png","productImage/PROJECT_PHOTO/야채/적겨자(겨자채)/_ 오일장 상회 _ 국내산 30박스한정행사 적겨자 2kg 4kg내외, 1.8kg~2kg, 1박스 - 기타뿌리채소 _ 쿠팡/main.jpg","productImage/PROJECT_PHOTO/vegetable/mustardgrass/oiljang/"
"PD_00212","콩나물 2kg 산소콩나물 무농약 친환경 국산콩, 2kg, 1개",15600,"야채","콩나물은 아미노산과 비타민 C가 풍부하여 숙취해소와 피로회복 및 면역력 향상에 도움을 줍니다. 저희가 연구해서 기르는 콩나물을 보내드립니다.",200,"/projectPhoto/야채/콩나물/콩나물 2kg 산소콩나물 무농약 친환경 국산콩, 2kg, 1개 - 콩나물 _ 쿠팡/상세정보.png","productImage/PROJECT_PHOTO/야채/콩나물/콩나물 2kg 산소콩나물 무농약 친환경 국산콩, 2kg, 1개 - 콩나물 _ 쿠팡/main.jpg","productImage/PROJECT_PHOTO/vegetable/kongnamool/kongkamool2kg/"
"PD_00213","곰곰 무농약 인증 국산콩 어린이 콩나물, 200g, 1개",3500,"야채","콩나물은 아미노산과 비타민 C가 풍부하여 숙취해소와 피로회복 및 면역력 향상에 도움을 줍니다. 일반 콩나물보다 더욱 짧게 길러 더 아삭하면서 부드럽습니다. ",200,"/projectPhoto/야채/콩나물/곰곰 무농약 인증 국산콩 어린이 콩나물, 200g, 1개 - 숙주나물 _ 쿠팡/상세정보.jpg","productImage/PROJECT_PHOTO/야채/콩나물/곰곰 무농약 인증 국산콩 어린이 콩나물, 200g, 1개 - 숙주나물 _ 쿠팡/main.jpg","productImage/PROJECT_PHOTO/vegetable/kongnamool/gomgom/"
"PD_00214","김구원선생 장수 찜용 콩나물, 500g, 1개",7750,"야채","콩나물은 아미노산과 비타민 C가 풍부하여 숙취해소와 피로회복 및 면역력 향상에 도움을 줍니다. 수입산 콩나물을 보내드립니다.",200,"/projectPhoto/야채/콩나물/김구원선생 장수 찜용 콩나물, 500g, 1개 - 콩나물 _ 쿠팡/상세정보.png","productImage/PROJECT_PHOTO/야채/콩나물/김구원선생 장수 찜용 콩나물, 500g, 1개 - 콩나물 _ 쿠팡/main.jpg","productImage/PROJECT_PHOTO/vegetable/kongnamool/kimgoo/"
"PD_00216","맑은물에 아삭한 콩나물, 2kg, 1개",15000,"야채","콩나물은 아미노산과 비타민 C가 풍부하여 숙취해소와 피로회복 및 면역력 향상에 도움을 줍니다. 외국산 콩나물을 누구보다 빠르게 보내드립니다.",200,"/projectPhoto/야채/콩나물/맑은물에 아삭한 콩나물, 2kg, 1개 - 콩나물 _ 쿠팡/상세정보.png","productImage/PROJECT_PHOTO/야채/콩나물/맑은물에 아삭한 콩나물, 2kg, 1개 - 콩나물 _ 쿠팡/main.jpg","productImage/PROJECT_PHOTO/vegetable/kongnamool/asakhan/"
"PD_00217","청정원 특등급 국산콩 무농약 콩나물, 340g, 2개",6400,"야채","콩나물은 아미노산과 비타민 C가 풍부하여 숙취해소와 피로회복 및 면역력 향상에 도움을 줍니다. 국내산 콩나물을 보내드립니다.",200,"/projectPhoto/야채/콩나물/청정원 특등급 국산콩 무농약 콩나물, 340g, 2개 - 콩나물 _ 쿠팡/상세정보.png","productImage/PROJECT_PHOTO/야채/콩나물/청정원 특등급 국산콩 무농약 콩나물, 340g, 2개 - 콩나물 _ 쿠팡/main.jpg","productImage/PROJECT_PHOTO/vegetable/kongnamool/chengjung/"
"PD_00218","㈜연우 무농약 팽이버섯 1.5kg 5kg (150g 10봉 5kg 34봉) 프리미엄",10500,"야채","팽이버섯은 식이섬유 함량이 높아 변비 예방에 탁월하며 베타 글루칸도 풍부하여 면역력 향상에 도움을 줍니다. 농약 없이 정성껏 키운 팽이버섯을 보내드립니다.",200,"/projectPhoto/야채/팽이버섯/㈜연우 무농약 팽이버섯 1.5kg 5kg (150g 10봉 5kg 34봉) 프리미엄 - 팽이버섯 _ 쿠팡/상세정보.png","productImage/PROJECT_PHOTO/야채/팽이버섯/㈜연우 무농약 팽이버섯 1.5kg 5kg (150g 10봉 5kg 34봉) 프리미엄 - 팽이버섯 _ 쿠팡/main.jpg","productImage/PROJECT_PHOTO/vegetable/topmushroom/yeongwoo/"
"PD_00221","GAP 팽이버섯, 450g, 6개",5500,"야채","팽이버섯은 식이섬유 함량이 높아 변비 예방에 탁월하며 베타 글루칸도 풍부하여 면역령 향상에 도움을 줍니다. GAP인증을 받은 팽이버섯을 누구보다 빠르게 보내드립니다.",200,"/projectPhoto/야채/팽이버섯/GAP 팽이버섯, 450g, 6개 - 팽이버섯 _ 쿠팡/상세정보.png","productImage/PROJECT_PHOTO/야채/팽이버섯/GAP 팽이버섯, 450g, 6개 - 팽이버섯 _ 쿠팡/main.jpg","productImage/PROJECT_PHOTO/vegetable/topmushroom/gap/"
"PD_00222","건팽이버섯 100g",9000,"야채","팽이버섯은 식이섬유 함량이 높아 변비 예방에 탁월하며 베타 글루칸도 풍부하여 면역령 향상에 도움을 줍니다. 팽이버섯을 말린것으로 버섯 하나하나 정성을 다해서 재배하며 철저한 검수와 출고를 합니다. 그만큼 안심하고 주문하셔도 됩니다.",200,"/projectPhoto/야채/팽이버섯/건팽이버섯 100g _ 두손애약초/상세정보.png","productImage/PROJECT_PHOTO/야채/팽이버섯/건팽이버섯 100g _ 두손애약초/main.jpg","productImage/PROJECT_PHOTO/vegetable/topmushroom/gunmushroom/"
"PD_00223","보성 녹차 팽이버섯 1.4kg",7600,"야채","팽이버섯은 식이섬유 함량이 높아 변비 예방에 탁월하며 베타 글루칸도 풍부하여 면역령 향상에 도움을 줍니다. 보성에서 생산한 팽이버섯을 보내드립니다.",200,"/projectPhoto/야채/팽이버섯/보성 녹차 팽이버섯 1.4kg, 2.5kg , 5kg _ 더노랑/상세정보.png","productImage/PROJECT_PHOTO/야채/팽이버섯/보성 녹차 팽이버섯 1.4kg, 2.5kg , 5kg _ 더노랑/main.jpg","productImage/PROJECT_PHOTO/vegetable/topmushroom/bosung/"
"PD_00224","유진농원 생표고버섯 1kg - 표고버섯",13000,"야채","표고버섯은 면역력을 강화하고 항암 작용에 효과가 있는 야채입니다. 진주시 청정지역에서 정성껏 재배한 표고버섯을 철저한 검수뒤에 보내드립니다.",200,"/projectPhoto/야채/표고버섯/유진농원 생표고버섯 1kg - 표고버섯 _ 쿠팡/상세정보.png","productImage/PROJECT_PHOTO/야채/표고버섯/유진농원 생표고버섯 1kg - 표고버섯 _ 쿠팡/main.jpg","productImage/PROJECT_PHOTO/vegetable/pyogo/youjin/"
"PD_00226","GAP 인증 국내산 표고버섯, 350g, 1팩",5800,"야채","표고버섯은 면역력을 강화하고 항암 작용에 효과가 있는 야채입니다. 청양에서 GAP인증을 받은 표고버섯을 보내드립니다.",200,"/projectPhoto/야채/표고버섯/GAP 인증 국내산 표고버섯, 350g, 1팩 - 표고버섯 _ 쿠팡/상세정보.png","productImage/PROJECT_PHOTO/야채/표고버섯/GAP 인증 국내산 표고버섯, 350g, 1팩 - 표고버섯 _ 쿠팡/main.jpg","productImage/PROJECT_PHOTO/vegetable/pyogo/gap/"
"PD_00227","못생겨도 맛있는 표고버섯, 300g, 1개",4000,"야채","표고버섯은 면역력을 강화하고 항암 작용에 효과가 있는 야채입니다. 상품성이 조금 떨어지는 표고버섯들이지만 영양분은 그대로입니다. 그래도 맛있는 표고버섯 그 누구보다 빠르게 보내드립니다.",200,"/projectPhoto/야채/표고버섯/못생겨도 맛있는 표고버섯, 300g, 1개 - 표고버섯 _ 쿠팡/상세정보.png","productImage/PROJECT_PHOTO/야채/표고버섯/못생겨도 맛있는 표고버섯, 300g, 1개 - 표고버섯 _ 쿠팡/main.jpg","productImage/PROJECT_PHOTO/vegetable/pyogo/ugly/"
"PD_00228","생표고버섯 1kg 실속형, 1kg, 1개",10700,"야채","표고버섯은 면역력을 강화하고 항암 작용에 효과가 있는 야채입니다. 자연에서 말 그대로 정성스럽게 키운 표고버섯 하나하나 아이들을 보내는 심정으로 배송해드립니다. ",200,"/projectPhoto/야채/표고버섯/생표고버섯 1kg 실속형, 1kg, 1개 - 표고버섯 _ 쿠팡/상세정보.png","productImage/PROJECT_PHOTO/야채/표고버섯/생표고버섯 1kg 실속형, 1kg, 1개 - 표고버섯 _ 쿠팡/main.jpg","productImage/PROJECT_PHOTO/vegetable/pyogo/sangpyo/"
"PD_00112","한성컴퓨터 멤브레인 게이밍 유선 일반형 키보드",224670,"가전제품","USB 유선 키보드, 멤브레인 방식, 무게는 870g, Windows 10 이하 지원 ",200,"/projectPhoto/가전/키보드/한성컴퓨터 멤브레인 게이밍 유선 일반형 키보드 - 유선키보드 _ 쿠팡/상세정보.png","productImage/PROJECT_PHOTO/가전/키보드/한성컴퓨터 멤브레인 게이밍 유선 일반형 키보드 - 유선키보드 _ 쿠팡/main.jpg","productImage/PROJECT_PHOTO/electronic/keyboard/hansung/"
"PD_00169","[더싱싱] 국내산 대추방울토마토 로얄과(1-3번과)",13500,"야채","방울토마토는 일반 토마토보다 당도가 높아 생으로 먹기가 좋고, 요리에도 다양하게 사용되는데 특히 비타민 C와 라이코펜이 풍부하여 노화방지에 도움을 줍니다. 대추방울토마토는 일반 방울토마토보다 당도가 높고 신맛이 적으며 훨씬 더 단단하여 씹는 맛이 좋으며, 보관에도 용이한 장점이 있습니다. 저희는 전국에 방울토마토를 정성스럽게 재배하시는 분들에게서 공수하여 배송시에는 더 꼼꼼하게 선별작업을 거친후에 배송해드리고 있습니다.",200,"/projectPhoto/야채/방울토마토/[더싱싱] 국내산 대추방울토마토 로얄과(1-3번과) - 방울토마토 _ 쿠팡/상세정보.png","productImage/PROJECT_PHOTO/야채/방울토마토/[더싱싱] 국내산 대추방울토마토 로얄과(1-3번과) - 방울토마토 _ 쿠팡/main.jpg","productImage/PROJECT_PHOTO/vegetable/tomato/thesingsing/"
"PD_00107","삼성전자 32인치 모니터 베젤리스 C32R500FH IPS 75Hz LED 컴퓨터 LC32R500FHKXKR",240000,"가전제품","32인치 Curved LED 모니터, 주사율 75HZ, 명암비는 3,000:1, 해상도는 1,920×1,080(16:9), 눈 보호 기능, 플리커프리, 게임모드, FreeSync 기능, Samsung MagicBright 제공",200,"/projectPhoto/가전/모니터/삼성전자 32인치 모니터 베젤리스 C32R500FH IPS 75Hz LED 컴퓨터 LC32R500FHKXKR - 게이밍 모니터 _ 쿠팡/상세정보.png","productImage/PROJECT_PHOTO/가전/모니터/삼성전자 32인치 모니터 베젤리스 C32R500FH IPS 75Hz LED 컴퓨터 LC32R500FHKXKR - 게이밍 모니터 _ 쿠팡/main.jpg","productImage/PROJECT_PHOTO/electronic/monitor/samsung/"
"PD_00231","테스트1",100,"야채","1300",130,"1300","1300",""
"PD_00113","앱코 저소음 풀배열 멤브레인 108키 키보드",22900,"가전제품","USB 유선 키보드, 멤브레인 방식, 실행 단축 키, 다양한 PLUG&PLAY 지원",200,"/projectPhoto/가전/키보드/앱코 저소음 풀배열 멤브레인 108키 키보드 - 유선키보드 _ 쿠팡/상세정보.jpg","productImage/PROJECT_PHOTO/가전/키보드/앱코 저소음 풀배열 멤브레인 108키 키보드 - 유선키보드 _ 쿠팡/main.jpg","productImage/PROJECT_PHOTO/electronic/keyboard/abko/"
"PD_00121","로지텍 MX MASTER 3S 무선 마우스 + 마우스피트 세트",128900,"가전제품","광마우스, 무선, 8,000dpi, 전용 동글, 무소음 스위치, 전용 소프트웨어 지원, 블루투스 연결",200,"/projectPhoto/가전/마우스/로지텍 코리아 무선 마우스 MX ANYWHERE 3S MR0083 - 무선마우스 _ 쿠팡/상세정보.jpg","productImage/PROJECT_PHOTO/가전/마우스/로지텍 코리아 무선 마우스 MX ANYWHERE 3S MR0083 - 무선마우스 _ 쿠팡/main.jpg","productImage/PROJECT_PHOTO/electronic/mouse/logite/"
"PD_00124","로지텍 코리아 무선 마우스 MX ANYWHERE 3S MR0083",109000,"가전제품","무선, 8,000dpi, 다크필드 센서, 충전 방식(USB-C),  전용 동글, 광마우스, 무소음 스위치",200,"/projectPhoto/가전/마우스/로지텍 MX MASTER 3S 무선 마우스 + 마우스피트 세트 - 무선마우스 _ 쿠팡/상세정보.jpg","productImage/PROJECT_PHOTO/가전/마우스/로지텍 MX MASTER 3S 무선 마우스 + 마우스피트 세트 - 무선마우스 _ 쿠팡/main.jpg","productImage/PROJECT_PHOTO/electronic/mouse/logitek33/"
"PD_00128","필립스 접이식 핸디형 스팀다리미 3000시리즈 - 다리미",40500,"가전제품","핸디형 스팀다리미, 분리형 물통을 사용하며 용량은 0.12L 입니다. 접이식으로 접어서 보관이 가능하며, 연속 스팀량은 20g입니다. 그리고 연속, 순간, 수직의 스팀방식이 있으며 분사구는 7개가 있습니다. 예열시간은 30초이며 소비전력은 1,000W 입니다.",200,"/projectPhoto/가전/스팀다리미/필립스 접이식 핸디형 스팀다리미 3000시리즈 - 다리미/상세정보.jpg","productImage/PROJECT_PHOTO/가전/스팀다리미/필립스 접이식 핸디형 스팀다리미 3000시리즈 - 다리미/main.jpg","productImage/PROJECT_PHOTO/electronic/steamdar/philips/"
"PD_00138","엡손 에코탱크 L3256 무한잉크 복합기 컬러 인쇄 복사 스캔 WIFI 지원 [잉크포함] - 잉크젯 복합기",199000,"가전제품","잉크젯 프린터, 스캐너 기능, 컬러 지원, 해상도 5760×1440dpi, 스캐너 해상도 1200dpi이며 용지함 용량은 100매이다.",200,"/projectPhoto/가전/프린터/엡손 에코탱크 L3256 무한잉크 복합기 컬러 인쇄 복사 스캔 WIFI 지원 [잉크포함] - 잉크젯 복합기/상세정보.jpg","productImage/PROJECT_PHOTO/가전/프린터/엡손 에코탱크 L3256 무한잉크 복합기 컬러 인쇄 복사 스캔 WIFI 지원 [잉크포함] - 잉크젯 복합기/main.jpg","productImage/PROJECT_PHOTO/electronic/printer/apson/"
"PD_00142","필립스 1000 시리즈 에어프라이어 6.2L - 오븐형 에어프라이어",66080,"가전제품","바스켓형, 논스틱코팅을 사용하였으며 용량은 6.2L입니다. 소비전력은 1700W입니다.",200,"/projectPhoto/가전/에어프라이어/필립스 1000 시리즈 에어프라이어 6.2L - 오븐형 에어프라이어/상세정보.jpg","productImage/PROJECT_PHOTO/가전/에어프라이어/필립스 1000 시리즈 에어프라이어 6.2L - 오븐형 에어프라이어/main.jpg","productImage/PROJECT_PHOTO/electronic/airfrier/philips/"
"PD_00145","쿠쿠 에어프라이어 5.5L - 오븐형 에어프라이어",74100,"가전제품","바스켓형, 논스틱코팅을 사용하였으며 용량은 6.2L입니다. 소비전력은 1750W입니다. 자동메뉴 7개 제공하며 스마트 전원 차단 기능이 있습니다. 온도조절은 0~200도까지 입니다.",200,"/projectPhoto/가전/에어프라이어/쿠쿠 에어프라이어 5.5L - 오븐형 에어프라이어/상세정보.jpg","productImage/PROJECT_PHOTO/가전/에어프라이어/쿠쿠 에어프라이어 5.5L - 오븐형 에어프라이어/main.jpg","productImage/PROJECT_PHOTO/electronic/airfrier/coocoo/"
"PD_00076","lg 휘센 오브제컬렉션 제습기",399000,"가전제품","공기 중 습기를 제거하여 실내를 쾌적하게 유지해주는 가전제품이다. 에센스 화이트와 카밍 베이지 두가지 색상중에 하나를 선택할 수 있다. 옷장 건조키트 및 신발 건조키트 등 각종 도구를 별도로 제공한다.",200,"/projectPhoto/가전/제습기/LG 휘센 오브제컬렉션 제습기 _ DQ134MWEC _ 제습기 _ 에어컨_에어케어 _ 제품_소모품 _ LG전자/상세정보.png","productImage/PROJECT_PHOTO/가전/제습기/LG 휘센 오브제컬렉션 제습기 _ DQ134MWEC _ 제습기 _ 에어컨_에어케어 _ 제품_소모품 _ LG전자/main.jpg","productImage/PROJECT_PHOTO/electronic/jaeseup/lg/"
"PD_00204","클리마 오이, 클리마 수분의 여왕..., 1박스",37000,"야채","오이는 수분이 많아서 체내 수분을 보충하고 갈증을 해소하는데 탁월한 야채입니다. 산지에서 당일 수확한 오이들을 보내드립니다. 그러기에 더욱 더 신선한 오이를 받으실 수 있다고 자신합니다.",200,"/projectPhoto/야채/오이/클리마 오이, 클리마 수분의 여왕..., 1박스 - 오이 _ 쿠팡/상세정보.png","productImage/PROJECT_PHOTO/야채/오이/클리마 오이, 클리마 수분의 여왕..., 1박스 - 오이 _ 쿠팡/main.jpg","productImage/PROJECT_PHOTO/vegetable/oi/clima/"
"PD_00215","맑은물에 무농약 특등급 제주도콩 콩나물, 300g, 1개",5600,"야채","콩나물은 아미노산과 비타민 C가 풍부하여 숙취해소와 피로회복 및 면역력 향상에 도움을 줍니다. 제주도에서 키운 콩나물을 보내드립니다.",200,"/projectPhoto/야채/콩나물/맑은물에 무농약 특등급 제주도콩 콩나물, 300g, 1개 - 콩나물 _ 쿠팡/상세정보.png","productImage/PROJECT_PHOTO/야채/콩나물/맑은물에 무농약 특등급 제주도콩 콩나물, 300g, 1개 - 콩나물 _ 쿠팡/main.jpg","productImage/PROJECT_PHOTO/vegetable/kongnamool/jeju/"
"PD_00219","친환경 국내산 팽이버섯, 300g(150gx..., 1개",3000,"야채","팽이버섯은 식이섬유 함량이 높아 변비 예방에 탁월하며 베타 글루칸도 풍부하여 면역력 향상에 도움을 줍니다. 국내산지에서 친환경 농법을 통해 수확한 팽이버섯을 보내드립니다.",200,"/projectPhoto/야채/팽이버섯/친환경 국내산 팽이버섯, 300g(150gx..., 1개 - 팽이버섯 _ 쿠팡/상세정보.png","productImage/PROJECT_PHOTO/야채/팽이버섯/친환경 국내산 팽이버섯, 300g(150gx..., 1개 - 팽이버섯 _ 쿠팡/main.jpg","productImage/PROJECT_PHOTO/vegetable/topmushroom/chinhwan/"
"PD_00004","맛젤 라임 - 라임 ",4190,"과일","비타민 C가 풍부해 건강에 이로운 멕시코 라임입니다. 주류나 음료에 첨가해 색다른 맛을 내거나, 따뜻한 라임차로 즐기며 건강을 관리할 수 있습니다.",200,"/projectPhoto/과일/라임/맛젤 라임 - 라임/상세정보.png","productImage/PROJECT_PHOTO/과일/라임/맛젤 라임 - 라임/main.jpg","productImage/PROJECT_PHOTO/fruit/lime/matjel/"
"PD_00014","산지직송 14brix 달콤하고 아삭한 부사 사과, 3kg(정품 10-..., 1개 - 사과",35900,"과일","사과 중에서도 특히 높은 14brix의 당도를 자랑하는 부사 사과입니다. 매끈하게 빛나는 붉은색과 크고 둥근 모양이 특징이며, 달콤하고 아삭한 맛이 일품입니다.",200,"/projectPhoto/과일/사과/산지직송 14brix 달콤하고 아삭한 부사 사과, 3kg(정품 10-..., 1개 - 사과/상세정보.png","productImage/PROJECT_PHOTO/과일/사과/산지직송 14brix 달콤하고 아삭한 부사 사과, 3kg(정품 10-..., 1개 - 사과/main.jpg","productImage/PROJECT_PHOTO/fruit/apple/apple4/"
"PD_00021","[소담] 당도보장 16브릭스이상 샤인머스켓 - 포도",21000,"과일","씨 없이 껍질째 먹는 편리함과 아삭한 식감이 일품인 과일입니다. 풍부한 항산화 성분이 노화 방지에 도움을 주며, 피로 회복과 장 건강 개선에도 효과적입니다.",200,"/projectPhoto/과일/청포도/[소담] 당도보장 16브릭스이상 샤인머스켓 - 포도/상세정보.png","productImage/PROJECT_PHOTO/과일/청포도/[소담] 당도보장 16브릭스이상 샤인머스켓 - 포도/main.jpg","productImage/PROJECT_PHOTO/fruit/grape/sodam/"
